keys,ko,en,fr,it,es,ja,el,zh,zh_TW,ru,pt,pl,de
effect.damage.text,피해 %d%s%s,Deal %d%s%s damage,Inflige %d%s%s dégâts,Infligge %d%s%s danni,Inflige %d%s%s de daño,%d%s%sダメージ,Προκάλεσε %d%s%s ζημιά,造成 %d%s%s 伤害,造成 %d%s%s 伤害,Нанести %d%s%s урона,Causar %d%s%s de dano,Zadaj %d%s%s obrażeń,%d%s%s Schaden zufügen
effect.block.text,방어도 %d을 얻습니다.,Gain %d Block,Gagne %d d'Armure,Ottieni %d Scudo,Gana %d de Escudo,ブロック %d,Κέρδισε %d Άμυνα,获得 %d 护甲,获得 %d 护甲,Получить %d Блока,Ganhar %d Bloqueio,Zyskaj %d Bloku,%d Block erhalten
effect.block_all.text,모든 아군이 방어도 %d을 얻습니다.,Gain %d Block to all,Gagne %d d'Armure à tous,Ottieni %d Scudo a tutti,Gana %d de Escudo a todos,全員にブロック %d,Κέρδισε %d Άμυνα για όλους,全体获得 %d 护甲,全体获得 %d 护甲,Все: %d Блока,%d Bloqueio a todos,Wszystkim: %d Bloku,Allen %d Block
effect.formation_block.text,생존한 영웅 1명당 방어도 %d을 얻습니다.,Gain %d Block per Hero,Gagne %d d'Armure par Héros,Ottieni %d Scudo per Eroe,Gana %d de Escudo por Héroe,英雄数×%d ブロック,Κέρδισε %d Άμυνα ανά Ήρωα,英雄数×%d 护甲,英雄数×%d 护甲,%d Блока на героя,%d Bloqueio por Herói,%d Bloku na Bohatera,%d Block pro Held
effect.draw.text,카드 %d장을 뽑습니다.,Draw %d,Piochez %d,Pesca %d,Roba %d,ドロー %d,Τράβηξε %d,抽 %d 张牌,抽 %d 张牌,Взять %d,Comprar %d,Dobierz %d,%d ziehen
effect.energy.text,에너지 %d을 얻습니다.,Gain %d Energy,Gagne %d Énergie,Guadagna %d Energia,Gana %d de Energía,エネルギー +%d,Κέρδισε %d Ενέργεια,能量 +%d,能量 +%d,Получить %d Энергии,Ganhar %d Energia,Zyskaj %d Energii,%d Energie erhalten
effect.heal.text,체력 %d을 회복합니다.,Heal %d,Soigne %d,Cura %d,Cura %d,回復 %d,Θεράπευσε %d,恢复 %d,恢复 %d,Лечить %d,Curar %d,Lecz %d,%d heilen
effect.heal_all.text,모든 아군의 체력 %d을 회복합니다.,Heal all for %d,Soigne tous pour %d,Cura tutti di %d,Cura a todos por %d,全員回復 %d,Θεράπευσε όλους για %d,全体恢复 %d,全体恢复 %d,Лечить всех на %d,Curar todos em %d,Lecz wszystkich na %d,Alle um %d heilen
effect.gain_morale.text,사기 %d을 얻습니다.,Gain %d Morale,Gagne %d Moral,Guadagna %d Morale,Gana %d de Moral,士気 +%d,Κέρδισε %d Ηθικό,士气 +%d,士气 +%d,Получить %d Морали,Ganhar %d Moral,Zyskaj %d Morale,%d Moral erhalten
effect.consume_morale.text,사기를 소모해 적에게 피해 %d을 입힙니다.,Morale -> %d Damage,Moral -> %d Dégâts,Morale -> %d Danni,Moral -> %d Daño,士気→ダメージ %d,Ηθικό -> %d Ζημιά,士气→伤害 %d,士气→伤害 %d,Мораль -> %d Урона,Moral -> %d Dano,Morale -> %d Obrażeń,Moral -> %d Schaden
effect.poison_burst.text,적의 독 스택만큼 즉시 피해를 입히고 독을 초기화합니다.,Trigger Poison,Déclenche le Poison,Attiva Veleno,Detona Veneno,毒即発,Ενεργοποίηση Δηλητηρίου,毒性爆发,毒性爆发,Сработать Яд,Ativar Veneno,Aktywuj Truciznę,Gift auslösen
effect.poison_burst_all.text,모든 적의 독 스택만큼 즉시 피해를 입히고 독을 초기화합니다.,Trigger Poison (All),Déclenche le Poison (Tous),Attiva Veleno (Tutti),Detona Veneno (Todos),毒即発(全体),Ενεργοποίηση Δηλητηρίου (Όλοι),毒性爆发(全体),毒性爆发(全体),Сработать Яд (Все),Ativar Veneno (Todos),Aktywuj Truciznę (Wszyscy),Gift auslösen (Alle)
effect.counter_block.text,현재 방어도의 %d%%만큼 적에게 피해를 입힙니다.,%d%% of Block,%d%% de l'Armure,%d%% dello Scudo,%d%% del Escudo,ブロック×%d%%,%d%% της Άμυνας,护甲×%d%%,护甲×%d%%,%d%% от Блока,%d%% do Bloqueio,%d%% Bloku,%d%% des Blocks
effect.cost_next.text,이번 턴 다음 카드의 비용을 %d 줄입니다.,Next cost -%d,Coût suivant -%d,Prossimo costo -%d,Siguiente coste -%d,次のコスト -%d,Επόμενο κόστος -%d,下一次费用 -%d,下一次费用 -%d,След. стоимость -%d,Próx. custo -%d,Nast. koszt -%d,Nächste Kosten -%d
effect.conditional_dmg.text,적에게 피해 %d을 입힙니다. %s 대신 피해 %d을 입힙니다.,%d / %d (%s),%d / %d (%s),%d / %d (%s),%d / %d (%s),%d / %d (%s),%d / %d (%s),%d / %d (%s),%d / %d (%s),%d / %d (%s),%d / %d (%s),%d / %d (%s),%d / %d (%s)
effect.condition.has_debuffs,디버프가 %d종 이상이라면,%d+ debuffs,%d+ débuffs,%d+ debuff,%d+ debuffs,デバフ%d種↑,%d+ αρνητικά,%d种异常↑,%d種異常↑,%d+ дебаффов,%d+ debuffs,%d+ debuffów,%d+ Debuffs
effect.condition.has_poison,독을 보유하고 있다면,if poisoned,si empoisonné,se avvelenato,si envenenado,毒保有時,αν δηλητηριασμένο,中毒时,中毒時,если отравлен,se envenenado,jeśli zatruty,wenn vergiftet
effect.condition.has_poison_n,독이 %d 이상이라면,if poison ≥%d,si poison ≥%d,se veleno ≥%d,si veneno ≥%d,毒%d以上時,αν δηλητήριο ≥%d,毒 ≥%d时,毒 ≥%d時,если яд ≥%d,se veneno ≥%d,jeśli trucizna ≥%d,wenn Gift ≥%d
effect.condition.has_morale,사기가 있다면,if has morale,si moral positif,se morale positivo,si moral positivo,士気保有時,αν έχει ηθικό,有士气时,有士氣時,если есть мораль,se tem moral,jeśli ma morale,wenn Moral vorhanden
effect.condition.has_morale_n,사기가 %d 이상이라면,if morale ≥%d,si moral ≥%d,se morale ≥%d,si moral ≥%d,士気%d以上時,αν ηθικό ≥%d,士气 ≥%d时,士氣 ≥%d時,если мораль ≥%d,se moral ≥%d,jeśli morale ≥%d,wenn Moral ≥%d
effect.condition.low_hp,HP가 50% 이하라면,if HP ≤50%,si PV ≤50%,se PF ≤50%,si PV ≤50%,HP50%以下時,αν HP ≤50%,HP ≤50%时,HP ≤50%時,если HP ≤50%,se HP ≤50%,jeśli HP ≤50%,wenn HP ≤50%
effect.condition.very_low_hp,HP가 30% 이하라면,if HP ≤30%,si PV ≤30%,se PF ≤30%,si PV ≤30%,HP30%以下時,αν HP ≤30%,HP ≤30%时,HP ≤30%時,если HP ≤30%,se HP ≤30%,jeśli HP ≤30%,wenn HP ≤30%
effect.condition.hand_size_n,손패가 %d장 이하라면,if hand ≤%d,si main ≤%d,se mano ≤%d,si mano ≤%d,手札%d枚以下時,αν χαρτιά ≤%d,手牌 ≤%d时,手牌 ≤%d時,если рука ≤%d,se mão ≤%d,jeśli ręka ≤%d,wenn Hand ≤%d
effect.condition.enemy_count_n,적이 %d명 이하라면,if ≤%d enemies,si ≤%d ennemis,se ≤%d nemici,si ≤%d enemigos,敵%d体以下時,αν ≤%d εχθροί,敌 ≤%d时,敵 ≤%d時,если ≤%d врагов,se ≤%d inimigos,jeśli ≤%d wrogów,wenn ≤%d Feinde
effect.condition.enemy_hp_below,적의 HP가 %d% 이하라면,if enemy HP ≤%d%,si PV ennemi ≤%d%,se PF nemico ≤%d%,si PV enemigo ≤%d%,敵HP%d%以下時,αν εχθ.HP ≤%d%,敌HP ≤%d%时,敵HP ≤%d%時,если HP врага ≤%d%,se HP do inimigo ≤%d%,jeśli HP wroga ≤%d%,wenn Feind-HP ≤%d%
effect.summon_token.text,병사 %d명을 소환합니다.,Summon %d Soldiers,Invoque %d Soldats,Evoca %d Soldati,Invoca %d Soldados,兵士召喚 %d,Κάλεσε %d Στρατιώτες,召唤 %d 士兵,召唤 %d 士兵,Призвать %d солдат,Invocar %d Soldados,Przyzwij %d Żołnierzy,%d Soldaten beschwören
effect.charm.text,적 1명을 매혹 %d합니다.,Charm %d (single),Charme %d (cible),Fascino %d (singolo),Encanto %d (individual),魅惑 %d (単体),Γοητεία %d (μεμον.),魅惑 %d (单体),魅惑 %d (単体),Очарование %d (один),Encanto %d (único),Urok %d (pojedyncze),Bezauberung %d (einzeln)
effect.charm.all.text,모든 적을 매혹 %d합니다.,Charm all %d,Charme tout %d,Fascino tutto %d,Encanto todo %d,全体魅惑 %d,Γοητεία όλους %d,魅惑所有 %d,全体魅惑 %d,Очарование всем %d,Encanto a todos %d,Urok wszystkim %d,Bezauberung allen %d
effect.revive.text,사망한 아군 1명을 최대 체력의 %d%%로 부활시킵니다.,Revive with %d%% HP,Ressuscite avec %d%% PV,Rianima con %d%% PS,Revive con %d%% PV,復活 %d%%,Αναβίωση με %d%% HP,复活 %d%%,复活 %d%%,Воскресить с %d%% HP,Reviver com %d%% HP,Wskrześ z %d%% HP,Wiederbeleben mit %d%% HP
effect.sacrifice_hp.text,체력 %d을 잃습니다.,Lose %d HP,Perds %d PV,Perdi %d PS,Pierde %d PV,HP %dを失います,Χάσε %d HP,失去%d生命,失去%d生命,Потерять %d HP,Perder %d HP,Strać %d HP,%d HP verlieren
effect.cost_zero_turn.text,이번 턴 남은 카드의 비용이 모두 0이 됩니다.,Cost 0 this turn,Coût 0 ce tour,Costo 0 questo turno,Coste 0 este turno,このターンコスト0,Κόστος 0 αυτόν τον γύρο,本回合费用为0,本回合费用为0,Стоимость 0 в этом ходу,Custo 0 neste turno,Koszt 0 w tej turze,Kosten 0 in dieser Runde
effect.block_per_cards_played.text,이번 턴 사용한 카드 1장당 방어도 %d을 얻습니다.,%d Block per card played,%d Armure par carte jouée,%d Scudo per carta giocata,%d Escudo por carta jugada,カード数×%d ブロック,%d Άμυνα ανά παιγμένο φύλλο,牌数×%d 护甲,牌数×%d 护甲,%d Блока за карту,%d Bloqueio por carta jogada,%d Bloku za zagraną kartę,%d Block pro gespielter Karte
effect.on_kill_draw.text,적을 처치할 때마다 카드 %d장을 뽑습니다.,Draw %d on kill,Piochez %d par élimination,Pesca %d all'uccisione,Roba %d al matar,撃破時ドロー %d,Τράβηξε %d κατά την εξόντωση,击杀时抽 %d 张牌,击杀时抽 %d 张牌,Взять %d при убийстве,Comprar %d ao matar,Dobierz %d przy zabiciu,%d ziehen bei Kill
effect.purge_status.text,디버프 제거,Remove debuffs,Retire les malus,Rimuovi debuff,Elimina penalizaciones,デバフ除去,Αφαίρεση εξασθενήσεων,移除负面状态,移除负面状态,Снять дебаффы,Remover debuffs,Usuń debuffy,Debuffs entfernen
effect.per_draw_dmg.text,이번 턴 뽑은 카드 1장당 적에게 피해 %d을 입힙니다.,%d damage per draw,%d dégâts par pioche,%d danni per pesca,%d daño por robo,ドロー数×%d ダメージ,%d ζημιά ανά τράβηγμα,抽牌数×%d 伤害,抽牌数×%d 伤害,%d урона за взятие,%d dano por compra,%d obr. za dobranie,%d Schaden pro Zug
effect.apply_status_poison.text,%s %d 데미지,%s %d damage,%s %d dégâts,%s %d danni,%s %d de daño,%s %d ダメージ,%s %d ζημιά,%s %d 伤害,%s %d 伤害,%s %d урона,%s %d dano,%s %d obrażeń,%s %d Schaden
effect.aoe_suffix, (전체), (All), (Tous), (Tutti), (Todos), (全体), (Όλοι), (全体), (全体), (Все), (Todos), (Wszyscy), (Alle)
effect.damage.single.text,적에게 피해 %d을 입힙니다.%s,Deal %d damage to an enemy.%s,Inflige %d dégâts à un ennemi.%s,Infligge %d danni a un nemico.%s,Inflige %d de daño a un enemigo.%s,敵に %d ダメージ。%s,Προκάλεσε %d ζημιά σε εχθρό.%s,对一名敌人造成 %d 点伤害。%s,對一名敵人造成 %d 點傷害。%s,Нанести %d урона врагу.%s,Causar %d de dano a um inimigo.%s,Zadaj %d obrażeń wrogowi.%s,%d Schaden an einen Feind zufügen.%s
effect.damage.all.text,모든 적에게 피해 %d을 입힙니다.%s,Deal %d damage to all enemies.%s,Inflige %d dégâts à tous les ennemis.%s,Infligge %d danni a tutti i nemici.%s,Inflige %d de daño a todos los enemigos.%s,全敵に %d ダメージ。%s,Προκάλεσε %d ζημιά σε όλους τους εχθρούς.%s,对所有敌人造成 %d 点伤害。%s,對所有敵人造成 %d 點傷害。%s,Нанести %d урона всем врагам.%s,Causar %d de dano a todos inimigos.%s,Zadaj %d obrażeń wszystkim wrogom.%s,%d Schaden an alle Feinde zufügen.%s
effect.apply_status.single.text,적에게 %s을 부여합니다.,Apply %s to an enemy.,Applique %s à un ennemi.,Applica %s a un nemico.,Aplica %s a un enemigo.,敵に %s を付与。,Εφάρμοσε %s σε εχθρό.,对一名敌人施加 %s。,對一名敵人施加 %s。,Наложить %s на врага.,Aplicar %s a um inimigo.,Nałóż %s na wroga.,%s auf einen Feind anwenden.
effect.apply_status.all.text,모든 적에게 %s을 부여합니다.,Apply %s to all enemies.,Applique %s à tous les ennemis.,Applica %s a tutti i nemici.,Aplica %s a todos los enemigos.,全敵に %s を付与。,Εφάρμοσε %s σε όλους τους εχθρούς.,对所有敌人施加 %s。,對所有敵人施加 %s。,Наложить %s на всех врагов.,Aplicar %s a todos inimigos.,Nałóż %s na wszystkich wrogów.,%s auf alle Feinde anwenden.
effect.apply_status_poison.single.text,적에게 독 %d 데미지를 부여합니다.,Apply %d Poison damage to an enemy.,Applique %d dégâts de Poison à un ennemi.,Applica %d danni di Veleno a un nemico.,Aplica %d de daño de Veneno a un enemigo.,敵に毒 %d ダメージを付与。,Εφάρμοσε %d ζημιά Δηλητηρίου σε εχθρό.,对一名敌人施加 %d 中毒伤害。,對一名敵人施加 %d 中毒傷害。,Наложить %d Яда на врага.,Aplicar %d Veneno a um inimigo.,Nałóż %d Trucizny na wroga.,%d Gift auf einen Feind anwenden.
effect.apply_status_poison.all.text,모든 적에게 독 %d 데미지를 부여합니다.,Apply %d Poison damage to all enemies.,Applique %d dégâts de Poison à tous les ennemis.,Applica %d danni di Veleno a tutti i nemici.,Aplica %d de daño de Veneno a todos los enemigos.,全敵に毒 %d ダメージを付与。,Εφάρμοσε %d ζημιά Δηλητηρίου σε όλους τους εχθρούς.,对所有敌人施加 %d 中毒伤害。,對所有敵人施加 %d 中毒傷害。,Наложить %d Яда на всех врагов.,Aplicar %d Veneno a todos inimigos.,Nałóż %d Trucizny na wszystkich wrogów.,%d Gift auf alle Feinde anwenden.
effect.status_double.single.text,적의 디버프 스택을 2배로 만듭니다.,Double an enemy's debuff stacks.,Double les piles de débuff d'un ennemi.,Raddoppia gli stack di debuff di un nemico.,Duplica las pilas de desventaja de un enemigo.,敵のデバフスタックを2倍にする。,Διπλασίασε τις στοίβες εξασθένησης ενός εχθρού.,将一名敌人的减益层数翻倍。,將一名敵人的減益層數翻倍。,Удвоить стаки дебаффа врага.,Dobrar pilhas de debuff de um inimigo.,Podwój stosy debuff wroga.,Debuff-Stapel eines Feindes verdoppeln.
effect.status_double.all.text,모든 적의 디버프 스택을 2배로 만듭니다.,Double all enemies' debuff stacks.,Double les piles de débuff de tous les ennemis.,Raddoppia gli stack di debuff di tutti i nemici.,Duplica las pilas de desventaja de todos los enemigos.,全敵のデバフスタックを2倍にする。,Διπλασίασε τις στοίβες εξασθένησης όλων των εχθρών.,将所有敌人的减益层数翻倍。,將所有敵人的減益層數翻倍。,Удвоить стаки дебаффа всех врагов.,Dobrar pilhas de debuff de todos inimigos.,Podwój stosy debuff wszystkich wrogów.,Debuff-Stapel aller Feinde verdoppeln.
effect.purge_status.single.text,아군 1명의 디버프를 모두 제거합니다.,Remove all debuffs from one ally.,Retire tous les débuffs d'un allié.,Rimuove tutti i debuff da un alleato.,Elimina todas las desventajas de un aliado.,味方1名のデバフを全て解除。,Αφαίρεσε όλες τις εξασθενήσεις από έναν σύμμαχο.,移除一名队友的所有减益。,移除一名隊友的所有減益。,Снять все дебаффы с одного союзника.,Remover todos debuffs de um aliado.,Usuń wszystkie debuffy z jednego sojusznika.,Alle Debuffs von einem Verbündeten entfernen.
effect.purge_status.all.text,모든 아군의 디버프를 제거합니다.,Remove debuffs from all allies.,Retire les débuffs de tous les alliés.,Rimuove i debuff da tutti gli alleati.,Elimina las desventajas de todos los aliados.,全味方のデバフを解除。,Αφαίρεσε εξασθενήσεις από όλους τους συμμάχους.,移除所有队友的减益。,移除所有隊友的減益。,Снять дебаффы со всех союзников.,Remover debuffs de todos aliados.,Usuń debuffy ze wszystkich sojuszników.,Debuffs von allen Verbündeten entfernen.
effect.heal_per_dead_ally.single.text,사망한 아군 1명당 체력 %d을 회복합니다.,Restore %d HP per dead ally.,Restaure %d PV par allié mort.,Ripristina %d PV per alleato morto.,Restaura %d PV por aliado muerto.,戦死した味方1名につき %d HP 回復。,Αποκατάσταση %d HP ανά νεκρό σύμμαχο.,每名阵亡队友恢复 %d HP。,每名陣亡隊友恢復 %d HP。,Восстановить %d HP за павшего союзника.,Restaurar %d HP por aliado morto.,Przywróć %d HP za poległego sojusznika.,%d HP pro toten Verbündeten heilen.
effect.heal_per_dead_ally.all.text,모든 아군이 사망한 아군 1명당 체력 %d을 회복합니다.,All allies restore %d HP per dead ally.,Tous les alliés restaurent %d PV par allié mort.,Tutti gli alleati ripristinano %d PV per alleato morto.,Todos los aliados restauran %d PV por aliado muerto.,戦死した味方1名につき全味方 %d HP 回復。,Όλοι οι σύμμαχοι αποκαθιστούν %d HP ανά νεκρό σύμμαχο.,所有队友每名阵亡队友恢复 %d HP。,所有隊友每名陣亡隊友恢復 %d HP。,Все союзники восстанавливают %d HP за павшего.,Todos aliados restauram %d HP por aliado morto.,Wszyscy sojusznicy przywracają %d HP za poległego.,Alle Verbündeten heilen %d HP pro Toten.
card.napoleon.strike.name,스트라이크,Strike,Frappe,Colpo,Golpe,ストライク,Χτύπημα,打击,打击,Удар,Golpe,Cios,Schlag
card.napoleon.strike.archetype,돌격,Assault,Assaut,Assalto,Asalto,突撃,Έφοδος,突击,突击,Штурм,Assalto,Szturm,Sturmangriff
card.napoleon.defend.name,디펜드,Defend,Défense,Difesa,Defensa,ディフェンド,Άμυνα,防御,防御,Защита,Defesa,Obrona,Verteidigung
card.napoleon.defend.archetype,군단,Legion,Légion,Legione,Legión,軍団,Λεγεώνα,军团,军团,Легион,Legião,Legion,Legion
card.napoleon.war_bugle.name,전투 나팔,War Bugle,Clairon de guerre,Tromba di guerra,Corneta de guerra,軍鼓,Πολεμική Σάλπιγγα,战斗号角,战斗号角,Боевой горн,Corneta de Guerra,Róg Wojenny,Kriegshorn
card.napoleon.war_bugle.archetype,지휘,Command,Commandement,Comando,Mando,指揮,Διοίκηση,指挥,指挥,Командование,Comando,Dowodzenie,Befehl
card.napoleon.swift_march.name,신속 행군,Swift March,Marche rapide,Marcia rapida,Marcha rápida,神速行軍,Ταχεία Πορεία,神速行军,神速行军,Быстрый марш,Marcha Veloz,Szybki Marsz,Schneller Marsch
card.napoleon.swift_march.archetype,돌격,Assault,Assaut,Assalto,Asalto,突撃,Έφοδος,突击,突击,Штурм,Assalto,Szturm,Sturmangriff
card.napoleon.swift_advance.name,신속 기동,Swift Advance,Avance rapide,Avanzata rapida,Avance rápido,神速起動,Ταχεία Προέλαση,神速机动,神速机动,Стремительное наступление,Avanço Rápido,Szybki Atak,Schneller Vorstoß
card.napoleon.swift_advance.archetype,돌격,Assault,Assaut,Assalto,Asalto,突撃,Έφοδος,突击,突击,Штурм,Assalto,Szturm,Sturmangriff
card.napoleon.line_reform.name,전열 재편,Line Reform,Réforme de ligne,Riforma della linea,Reforma de línea,戦列再編,Ανασυγκρότηση Γραμμής,阵列重组,阵列重组,Перестроение,Reformar Linha,Reorganizacja Linii,Linien-Reform
card.napoleon.line_reform.archetype,지휘,Command,Commandement,Comando,Mando,指揮,Διοίκηση,指挥,指挥,Командование,Comando,Dowodzenie,Befehl
card.napoleon.hussar_charge.name,경기병 돌격,Hussar Charge,Charge de hussards,Carica degli ussari,Carga de húsares,軽騎兵突撃,Έφοδος Ουσάρων,轻骑兵突击,轻骑兵突击,Атака гусар,Carga dos Hussardos,Szarża Huzarów,Husaren-Angriff
card.napoleon.hussar_charge.archetype,돌격,Assault,Assaut,Assalto,Asalto,突撃,Έφοδος,突击,突击,Штурм,Assalto,Szturm,Sturmangriff
card.napoleon.grand_armee_shield.name,그랑다르메의 방패,Grand Armée Shield,Bouclier de la Grande Armée,Scudo della Grande Armée,Escudo de la Grande Armée,グランダルメの盾,Ασπίδα της Μεγάλης Στρατιάς,大军团之盾,大军团之盾,Щит Великой армии,Escudo da Grande Armée,Tarcza Wielkiej Armii,Schild der Grande Armée
card.napoleon.grand_armee_shield.archetype,군단,Legion,Légion,Legione,Legión,軍団,Λεγεώνα,军团,军团,Легион,Legião,Legion,Legion
card.napoleon.salvo.name,살보 사격,Salvo Fire,Feu de salve,Fuoco di salva,Fuego de salva,サルボ射撃,Πυρά Ομοβροντίας,齐射,齐射,Залповый огонь,Salva de Fogo,Salwa Ognia,Salvenfeuer
card.napoleon.salvo.archetype,돌격,Assault,Assaut,Assalto,Asalto,突撃,Έφοδος,突击,突击,Штурм,Assalto,Szturm,Sturmangriff
card.napoleon.marshal_appointment.name,원수 서임,Marshal Appointment,Nomination de maréchal,Nomina di maresciallo,Nombramiento de mariscal,元帥叙任,Διορισμός Στρατάρχη,元帅任命,元帅任命,Назначение маршала,Nomeação de Marechal,Mianowanie Marszałka,Marschall-Ernennung
card.napoleon.marshal_appointment.archetype,지휘,Command,Commandement,Comando,Mando,指揮,Διοίκηση,指挥,指挥,Командование,Comando,Dowodzenie,Befehl
card.napoleon.arcole_breakthrough.name,아르콜레 돌파,Arcole Breakthrough,Percée d'Arcole,Svolta di Arcole,Ruptura de Arcole,アルコレ突破,Διάσπαση στο Αρκόλε,阿尔科莱突破,阿尔科莱突破,Прорыв при Арколе,Avanço de Arcole,Przełom pod Arcole,Durchbruch von Arcole
card.napoleon.arcole_breakthrough.archetype,돌격,Assault,Assaut,Assalto,Asalto,突撃,Έφοδος,突击,突击,Штурм,Assalto,Szturm,Sturmangriff
card.napoleon.artillery_volley.name,포병 일제사격,Artillery Volley,Volée d'artillerie,Volata d'artiglieria,Volea de artillería,砲兵一斉射撃,Ομοβροντία Πυροβολικού,炮兵齐射,炮兵齐射,Артиллерийский залп,Salva de Artilharia,Salwa Artylerii,Artillerie-Salve
card.napoleon.artillery_volley.archetype,군단,Legion,Légion,Legione,Legión,軍団,Λεγεώνα,军团,军团,Легион,Legião,Legion,Legion
card.napoleon.jena_surprise.name,예나의 기습,Jena Surprise,Surprise d'Iéna,Sorpresa di Jena,Sorpresa de Jena,イエナの奇襲,Αιφνιδιασμός της Ιένας,耶拿奇袭,耶拿奇袭,Сюрприз при Йене,Surpresa de Jena,Niespodzianka pod Jeną,Jena-Überraschung
card.napoleon.jena_surprise.archetype,돌격,Assault,Assaut,Assalto,Asalto,突撃,Έφοδος,突击,突击,Штурм,Assalto,Szturm,Sturmangriff
card.napoleon.borodino_bombardment.name,보로디노 포격,Borodino Bombardment,Bombardement de Borodino,Bombardamento di Borodino,Bombardeo de Borodino,ボロジノ砲撃,Βομβαρδισμός του Μποροντίνο,博罗季诺炮击,博罗季诺炮击,Бородинская бомбардировка,Bombardeio de Borodino,Bombardowanie Borodino,Borodino-Bombardement
card.napoleon.borodino_bombardment.archetype,군단,Legion,Légion,Legione,Legión,軍団,Λεγεώνα,军团,军团,Легион,Legião,Legion,Legion
card.napoleon.total_assault_order.name,총공세 명령,Total Assault Order,Ordre d'assaut total,Ordine d'assalto totale,Orden de asalto total,総攻勢命令,Διαταγή Γενικής Εφόδου,总攻命令,总攻命令,Приказ к тотальной атаке,Ordem de Ataque Total,Rozkaz Totalnego Ataku,Befehl zum Gesamtangriff
card.napoleon.total_assault_order.archetype,지휘,Command,Commandement,Comando,Mando,指揮,Διοίκηση,指挥,指挥,Командование,Comando,Dowodzenie,Befehl
card.napoleon.emperors_command.name,황제의 명령,Emperor's Command,Commandement de l'Empereur,Comando dell'Imperatore,Mando del Emperador,皇帝の命令,Διαταγή του Αυτοκράτορα,皇帝的命令,皇帝的命令,Приказ Императора,Comando do Imperador,Rozkaz Cesarza,Befehl des Kaisers
card.napoleon.emperors_command.archetype,지휘,Command,Commandement,Comando,Mando,指揮,Διοίκηση,指挥,指挥,Командование,Comando,Dowodzenie,Befehl
card.napoleon.emperors_spirit.name,황제의 기개,Emperor's Spirit,Esprit de l'Empereur,Spirito dell'Imperatore,Espíritu del Emperador,皇帝の気概,Πνεύμα του Αυτοκράτορα,皇帝的气概,皇帝的气概,Дух Императора,Espírito do Imperador,Duch Cesarza,Geist des Kaisers
card.napoleon.emperors_spirit.archetype,돌격,Assault,Assaut,Assalto,Asalto,突撃,Έφοδος,突击,突击,Штурм,Assalto,Szturm,Sturmangriff
card.napoleon.advance_order.name,전진 명령,Advance Order,Ordre d'avance,Ordine di avanzata,Orden de avance,前進命令,Διαταγή Προέλασης,前进命令,前进命令,Приказ к наступлению,Ordem de Avanço,Rozkaz Natarcia,Vorrück-Befehl
card.napoleon.advance_order.archetype,돌격,Assault,Assaut,Assalto,Asalto,突撃,Έφοδος,突击,突击,Штурм,Assalto,Szturm,Sturmangriff
card.napoleon.trench_construction.name,참호 구축,Trench Construction,Construction de tranchées,Costruzione di trincee,Construcción de trincheras,塹壕構築,Κατασκευή Χαρακωμάτων,堑壕修筑,堑壕修筑,Возведение траншеи,Construção de Trincheira,Budowa Okopu,Schützengraben-Bau
card.napoleon.trench_construction.archetype,군단,Legion,Légion,Legione,Legión,軍団,Λεγεώνα,军团,军团,Легион,Legião,Legion,Legion
card.napoleon.scout_patrol.name,척후 정찰,Scout Patrol,Patrouille d'éclaireurs,Pattuglia di ricognizione,Patrulla de exploradores,斥候偵察,Περίπολος Αναγνώρισης,斥候侦察,斥候侦察,Разведывательный патруль,Patrulha de Reconhecimento,Patrol Zwiadowczy,Spähpatrouille
card.napoleon.scout_patrol.archetype,지휘,Command,Commandement,Comando,Mando,指揮,Διοίκηση,指挥,指挥,Командование,Comando,Dowodzenie,Befehl
card.napoleon.drum_beat.name,북소리,Drum Beat,Battement de tambour,Battito del tamburo,Toque de tambor,太鼓の音,Χτύπος Τυμπάνου,鼓声,鼓声,Барабанный бой,Batida do Tambor,Bicie Bębna,Trommelschlag
card.napoleon.drum_beat.archetype,군단,Legion,Légion,Legione,Legión,軍団,Λεγεώνα,军团,军团,Легион,Legião,Legion,Legion
card.napoleon.charge_bugle.name,진격 나팔,Charge Bugle,Clairon de charge,Clarino di carica,Corneta de carga,進撃ラッパ,Σάλπιγγα Εφόδου,进军号角,进军号角,Сигнал к атаке,Corneta de Carga,Sygnał do Szarży,Angriffshorn
card.napoleon.charge_bugle.archetype,지휘,Command,Commandement,Comando,Mando,指揮,Διοίκηση,指挥,指挥,Командование,Comando,Dowodzenie,Befehl
card.napoleon.cavalry_threat.name,기병 위협,Cavalry Threat,Menace de cavalerie,Minaccia di cavalleria,Amenaza de caballería,騎兵の脅威,Απειλή Ιππικού,骑兵威胁,骑兵威胁,Угроза кавалерии,Ameaça de Cavalaria,Groźba Kawalerii,Kavallerie-Bedrohung
card.napoleon.cavalry_threat.archetype,돌격,Assault,Assaut,Assalto,Asalto,突撃,Έφοδος,突击,突击,Штурм,Assalto,Szturm,Sturmangriff
card.napoleon.guard_charge.name,근위대 돌격,Guard Charge,Charge de la garde,Carica della guardia,Carga de la guardia,近衛兵突撃,Έφοδος Φρουράς,近卫队突击,近卫队突击,Атака Гвардии,Carga da Guarda,Szarża Gwardii,Garde-Angriff
card.napoleon.guard_charge.archetype,군단,Legion,Légion,Legione,Legión,軍団,Λεγεώνα,军团,军团,Легион,Legião,Legion,Legion
card.napoleon.breakthrough_advance.name,전선 돌파,Breakthrough Advance,Avance de percée,Avanzata di svolta,Avance de ruptura,戦線突破,Διάσπαση Μετώπου,战线突破,战线突破,Прорыв и наступление,Avanço de Penetração,Przełomowy Atak,Durchbruch-Vorstoß
card.napoleon.breakthrough_advance.archetype,돌격,Assault,Assaut,Assalto,Asalto,突撃,Έφοδος,突击,突击,Штурм,Assalto,Szturm,Sturmangriff
card.napoleon.commanders_eye.name,지휘관의 눈,Commander's Eye,Oeil du commandant,Occhio del comandante,Ojo del comandante,指揮官の目,Μάτι του Διοικητή,指挥官之眼,指挥官之眼,Глаз командира,Olho do Comandante,Oko Dowódcy,Auge des Befehlshabers
card.napoleon.commanders_eye.archetype,지휘,Command,Commandement,Comando,Mando,指揮,Διοίκηση,指挥,指挥,Командование,Comando,Dowodzenie,Befehl
card.napoleon.supply_line_secured.name,보급선 확보,Supply Line Secured,Ligne de ravitaillement sécurisée,Linea di rifornimento assicurata,Línea de suministros asegurada,補給線確保,Εξασφάλιση Γραμμής Εφοδιασμού,确保补给线,确保补给线,Линия снабжения обеспечена,Linha de Suprimento Garantida,Linia Zaopatrzenia Zabezpieczona,Versorgungslinie gesichert
card.napoleon.supply_line_secured.archetype,지휘,Command,Commandement,Comando,Mando,指揮,Διοίκηση,指挥,指挥,Командование,Comando,Dowodzenie,Befehl
card.napoleon.artillery_gather.name,포병 집결,Artillery Gather,Rassemblement d'artillerie,Raduno d'artiglieria,Reunión de artillería,砲兵集結,Συγκέντρωση Πυροβολικού,炮兵集结,炮兵集结,Сбор артиллерии,Concentração de Artilharia,Skupienie Artylerii,Artillerie-Sammlung
card.napoleon.artillery_gather.archetype,군단,Legion,Légion,Legione,Legión,軍団,Λεγεώνα,军团,军团,Легион,Legião,Legion,Legion
card.napoleon.mobile_firing.name,기동 사격,Mobile Firing,Tir mobile,Fuoco mobile,Fuego móvil,機動射撃,Κινητά Πυρά,机动射击,机动射击,Мобильный огонь,Disparo Móvel,Ostrzał Mobilny,Mobiles Feuer
card.napoleon.mobile_firing.archetype,돌격,Assault,Assaut,Assalto,Asalto,突撃,Έφοδος,突击,突击,Штурм,Assalto,Szturm,Sturmangriff
card.napoleon.bridgehead_capture.name,교두보 점령,Bridgehead Capture,Capture de tête de pont,Cattura della testa di ponte,Captura de cabeza de puente,橋頭堡占領,Κατάληψη Προγεφυρώματος,占领桥头堡,占领桥头堡,Захват плацдарма,Captura de Cabeça de Ponte,Zdobycie Przyczółka,Brückenkopf erobern
card.napoleon.bridgehead_capture.archetype,군단,Legion,Légion,Legione,Legión,軍団,Λεγεώνα,军团,军团,Легион,Legião,Legion,Legion
card.napoleon.imperial_artillery.name,황실 포병대,Imperial Artillery,Artillerie impériale,Artiglieria imperiale,Artillería imperial,皇室砲兵隊,Αυτοκρατορικό Πυροβολικό,皇室炮兵队,皇室炮兵队,Императорская артиллерия,Artilharia Imperial,Artyleria Cesarska,Kaiserliche Artillerie
card.napoleon.imperial_artillery.archetype,군단,Legion,Légion,Legione,Legión,軍団,Λεγεώνα,军团,军团,Легион,Legião,Legion,Legion
card.napoleon.imperial_infantry_call.name,제국 보병 소집,Imperial Infantry Call,Appel de l'infanterie impériale,Chiamata della fanteria imperiale,Llamada de infantería imperial,帝国歩兵召集,Κλήση Αυτοκρατορικού Πεζικού,帝国步兵集结,帝国步兵集结,Призыв Императорской пехоты,Convocação da Infantaria Imperial,Wezwanie Cesarskiej Piechoty,Aufruf der Kaiserlichen Infanterie
card.napoleon.imperial_infantry_call.archetype,군단,Legion,Légion,Legione,Legión,軍団,Λεγεώνα,军团,军团,Легион,Legião,Legion,Legion
card.napoleon.austerlitz_maneuver.name,아우스터리츠 기동,Austerlitz Maneuver,Manoeuvre d'Austerlitz,Manovra di Austerlitz,Maniobra de Austerlitz,アウステルリッツ起動,Ελιγμός του Άουστερλιτς,奥斯特里茨机动,奥斯特里茨机动,Маневр под Аустерлицем,Manobra de Austerlitz,Manewr Austerlitz,Austerlitz-Manöver
card.napoleon.austerlitz_maneuver.archetype,돌격,Assault,Assaut,Assalto,Asalto,突撃,Έφοδος,突击,突击,Штурм,Assalto,Szturm,Sturmangriff
card.napoleon.waterloo_resolve.name,워털루 이전의 결의,Waterloo Resolve,Résolution de Waterloo,Risoluzione di Waterloo,Resolución de Waterloo,ワーテルローの決意,Απόφαση του Βατερλώ,滑铁卢的决心,滑铁卢的决心,Решимость Ватерлоо,Determinação de Waterloo,Determinacja Waterloo,Waterloo-Entschluss
card.napoleon.waterloo_resolve.archetype,지휘,Command,Commandement,Comando,Mando,指揮,Διοίκηση,指挥,指挥,Командование,Comando,Dowodzenie,Befehl
card.napoleon.eagle_standard.name,독수리 군기,Eagle Standard,Aigle impériale,Aquila imperiale,Águila imperial,鷲の軍旗,Αετός-Λάβαρο,鹰旗,鹰旗,Орлиный штандарт,Estandarte da Águia,Sztandar Orła,Adler-Standarte
card.napoleon.eagle_standard.archetype,군단,Legion,Légion,Legione,Legión,軍団,Λεγεώνα,军团,军团,Легион,Legião,Legion,Legion
card.napoleon.victory_proclamation.name,승리의 포고,Victory Proclamation,Proclamation de victoire,Proclamazione di vittoria,Proclamación de victoria,勝利の布告,Διακήρυξη Νίκης,胜利宣言,胜利宣言,Прокламация победы,Proclamação de Vitória,Proklamacja Zwycięstwa,Sieges-Proklamation
card.napoleon.victory_proclamation.archetype,지휘,Command,Commandement,Comando,Mando,指揮,Διοίκηση,指挥,指挥,Командование,Comando,Dowodzenie,Befehl
card.napoleon.great_army_siege.name,대육군 포위전,Great Army Siege,Siège de la Grande Armée,Assedio della Grande Armée,Asedio de la Gran Armada,大陸軍包囲戦,Πολιορκία της Μεγάλης Στρατιάς,大军团围攻战,大军团围攻战,Осада Великой армии,Cerco da Grande Armée,Oblężenie Wielkiej Armii,Belagerung der Großen Armee
card.napoleon.great_army_siege.archetype,군단,Legion,Légion,Legione,Legión,軍団,Λεγεώνα,军团,军团,Легион,Legião,Legion,Legion
card.napoleon.emperors_encirclement.name,황제의 포위령,Emperor's Encirclement,Encerclement de l'Empereur,Accerchiamento dell'Imperatore,Cercado del Emperador,皇帝の包囲令,Κυκλωτική Κίνηση του Αυτοκράτορα,皇帝的包围令,皇帝的包围令,Окружение Императора,Cerco do Imperador,Oblężenie Cesarza,Einkreisung des Kaisers
card.napoleon.emperors_encirclement.archetype,지휘,Command,Commandement,Comando,Mando,指揮,Διοίκηση,指挥,指挥,Командование,Comando,Dowodzenie,Befehl
card.napoleon.one_man_army.name,일기당천,One Man Army,Un homme à lui seul une armée,Esercito di un solo uomo,Ejército de un solo hombre,一騎当千,Στρατός ενός Ανδρός,一骑当千,一骑当千,Армия одного,Exército de Um Homem,Armia Jednego,Ein-Mann-Armee
card.napoleon.one_man_army.archetype,돌격,Assault,Assaut,Assalto,Asalto,突撃,Έφοδος,突击,突击,Штурм,Assalto,Szturm,Sturmangriff
card.napoleon.strategic_retreat.name,전략적 후퇴,Strategic Retreat,Retraite stratégique,Ritirata strategica,Retirada estratégica,戦略的後退,Στρατηγική Υποχώρηση,战略性撤退,战略性撤退,Стратегическое отступление,Retirada Estratégica,Strategiczny Odwrót,Strategischer Rückzug
card.napoleon.strategic_retreat.archetype,지휘,Command,Commandement,Comando,Mando,指揮,Διοίκηση,指挥,指挥,Командование,Comando,Dowodzenie,Befehl
card.napoleon.emperors_assault.name,황제의 돌격,Emperor's Assault,Assaut de l'Empereur,Assalto dell'Imperatore,Asalto del Emperador,皇帝の突撃,Έφοδος του Αυτοκράτορα,皇帝的突击,皇帝的突击,Штурм Императора,Assalto do Imperador,Szturm Cesarza,Sturm des Kaisers
card.napoleon.emperors_assault.archetype,돌격,Assault,Assaut,Assalto,Asalto,突撃,Έφοδος,突击,突击,Штурм,Assalto,Szturm,Sturmangriff
card.napoleon.empire_glory.name,제국의 영광,Empire Glory,Gloire de l'Empire,Gloria dell'Impero,Gloria del Imperio,帝国の栄光,Δόξα της Αυτοκρατορίας,帝国荣光,帝国荣光,Слава Империи,Glória do Império,Chwała Imperium,Ruhm des Imperiums
card.napoleon.empire_glory.archetype,군단,Legion,Légion,Legione,Legión,軍団,Λεγεώνα,军团,军团,Легион,Legião,Legion,Legion
card.napoleon.emperors_power.name,황제의 권능,Emperor's Power,Pouvoir de l'Empereur,Potere dell'Imperatore,Poder del Emperador,皇帝の権能,Δύναμη του Αυτοκράτορα,皇帝的权能,皇帝的权能,Сила Императора,Poder do Imperador,Moc Cesarza,Macht des Kaisers
card.napoleon.emperors_power.archetype,돌격,Assault,Assaut,Assalto,Asalto,突撃,Έφοδος,突击,突击,Штурм,Assalto,Szturm,Sturmangriff
card.napoleon.conquest_decree.name,정복 칙령,Conquest Decree,Décret de conquête,Decreto di conquista,Decreto de conquista,征服の勅令,Διάταγμα κατάκτησης,征服令,征服令,Декрет о завоевании,Decreto de Conquista,Dekret Podboju,Erlass der Eroberung
card.napoleon.conquest_decree.archetype,돌격,Assault,Assaut,Assalto,Asalto,突撃,Έφοδος,突击,突击,Штурм,Assalto,Szturm,Sturmangriff
card.napoleon.alps_crossing.name,알프스 횡단,Alps Crossing,Traversée des Alpes,Attraversamento delle Alpi,Cruce de los Alpes,アルプス越え,Διάσχιση των Άλπεων,翻越阿尔卑斯,翻越阿尔卑斯,Переход через Альпы,Travessia dos Alpes,Przejście Alp,Alpenüberquerung
card.napoleon.alps_crossing.archetype,돌격,Assault,Assaut,Assalto,Asalto,突撃,Έφοδος,突击,突击,Штурм,Assalto,Szturm,Sturmangriff
card.napoleon.emperors_legion.name,황제의 군단,Emperor's Legion,Légion de l'Empereur,Legione dell'Imperatore,Legión del Emperador,皇帝の軍団,Λεγεώνα του Αυτοκράτορα,皇帝的军团,皇帝的军团,Легион Императора,Legião do Imperador,Legion Cesarza,Legion des Kaisers
card.napoleon.emperors_legion.archetype,군단,Legion,Légion,Legione,Legión,軍団,Λεγεώνα,军团,軍團,Легион,Legião,Legion,Legion
card.napoleon.emperors_will.name,황제의 의지,Emperor's Will,Volonté de l'Empereur,Volontà dell'Imperatore,Voluntad del Emperador,皇帝の意志,Θέληση του Αυτοκράτορα,皇帝的意志,皇帝的意志,Воля Императора,Vontade do Imperador,Wola Cesarza,Wille des Kaisers
card.napoleon.emperors_will.archetype,지휘,Command,Commandement,Comando,Mando,指揮,Διοίκηση,指挥,指挥,Командование,Comando,Dowodzenie,Befehl
card.napoleon.reconnaissance.name,정찰,Reconnaissance,Reconnaissance,Ricognizione,Reconocimiento,偵察,Αναγνώριση,侦察,侦察,Разведка,Reconhecimento,Rozpoznanie,Aufklärung
card.napoleon.reconnaissance.archetype,지휘,Command,Commandement,Comando,Mando,指揮,Διοίκηση,指挥,指挥,Командование,Comando,Dowodzenie,Befehl
card.cleopatra.strike.name,스트라이크,Strike,Frappe,Colpo,Golpe,ストライク,Χτύπημα,打击,打击,Удар,Golpe,Cios,Schlag
card.cleopatra.strike.archetype,독살,Poisoning,Empoisonnement,Avvelenamento,Envenenamiento,毒殺,Δηλητηρίαση,毒杀,毒杀,Отравление,Envenenamento,Zatruwanie,Vergiftung
card.cleopatra.defend.name,디펜드,Defend,Défense,Difesa,Defensa,ディフェンド,Άμυνα,防御,防御,Защита,Defesa,Obrona,Verteidigung
card.cleopatra.defend.archetype,저주,Curse,Malédiction,Maledizione,Maldición,呪い,Κατάρα,诅咒,诅咒,Проклятие,Maldição,Klątwa,Fluch
card.cleopatra.venom_needle.name,독침,Venom Needle,Aiguille de venin,Ago avvelenato,Aguja de veneno,毒針,Βελόνα Δηλητηρίου,毒针,毒针,Ядовитая игла,Agulha de Veneno,Trująca Igła,Giftnadel
card.cleopatra.venom_needle.archetype,독살,Poisoning,Empoisonnement,Avvelenamento,Envenenamiento,毒殺,Δηλητηρίαση,毒杀,毒杀,Отравление,Envenenamento,Zatruwanie,Vergiftung
card.cleopatra.royal_guard.name,왕실 방어,Royal Guard,Garde royale,Guardia reale,Guardia real,王室防衛,Βασιλική Φρουρά,王室防御,王室防御,Королевская стража,Guarda Real,Straż Królewska,Königliche Garde
card.cleopatra.royal_guard.archetype,저주,Curse,Malédiction,Maledizione,Maldición,呪い,Κατάρα,诅咒,诅咒,Проклятие,Maldição,Klątwa,Fluch
card.cleopatra.poison_seed.name,독의 씨앗,Poison Seed,Graine de poison,Seme del veleno,Semilla de veneno,毒の種,Σπόρος Δηλητηρίου,毒之种,毒之种,Семя яда,Semente de Veneno,Nasienie Trucizny,Giftsamen
card.cleopatra.poison_seed.archetype,독살,Poisoning,Empoisonnement,Avvelenamento,Envenenamiento,毒殺,Δηλητηρίαση,毒杀,毒杀,Отравление,Envenenamento,Zatruwanie,Vergiftung
card.cleopatra.isis_blessing.name,이시스의 가호,Isis' Blessing,Bénédiction d'Isis,Benedizione di Iside,Bendición de Isis,イシスの加護,Ευλογία της Ίσιδας,伊西斯的加护,伊西斯的加护,Благословение Исиды,Bênção de Ísis,Błogosławieństwo Izydy,Segen der Isis
card.cleopatra.isis_blessing.archetype,조종,Control,Contrôle,Controllo,Control,操縦,Έλεγχος,操控,操控,Контроль,Controle,Kontrola,Kontrolle
card.cleopatra.asp_fang.name,아스프의 독니,Asp Fang,Croc d'aspic,Zanna d'aspide,Colmillo de áspid,アスプの毒牙,Δόντι της Ασπίδας,阿斯普毒牙,阿斯普毒牙,Клык аспида,Presa de Áspide,Kieł Żmii,Vipernzahn
card.cleopatra.asp_fang.archetype,독살,Poisoning,Empoisonnement,Avvelenamento,Envenenamiento,毒殺,Δηλητηρίαση,毒杀,毒杀,Отравление,Envenenamento,Zatruwanie,Vergiftung
card.cleopatra.desert_poison_dance.name,사막의 독무,Desert Poison Dance,Danse du poison du désert,Danza del veleno del deserto,Danza del veneno del desierto,砂漠の毒舞,Χορός του Δηλητηρίου της Ερήμου,沙漠毒舞,沙漠毒舞,Пустынный танец яда,Dança do Veneno do Deserto,Pustynny Taniec Trucizny,Wüsten-Gifttanz
card.cleopatra.desert_poison_dance.archetype,독살,Poisoning,Empoisonnement,Avvelenamento,Envenenamiento,毒殺,Δηλητηρίαση,毒杀,毒杀,Отравление,Envenenamento,Zatruwanie,Vergiftung
card.cleopatra.cursed_gaze.name,저주의 시선,Cursed Gaze,Regard maudit,Sguardo maledetto,Mirada maldita,呪いの視線,Καταραμένο Βλέμμα,诅咒之视,诅咒之视,Проклятый взгляд,Olhar Amaldiçoado,Przeklęte Spojrzenie,Verfluchter Blick
card.cleopatra.cursed_gaze.archetype,저주,Curse,Malédiction,Maledizione,Maldición,呪い,Κατάρα,诅咒,诅咒,Проклятие,Maldição,Klątwa,Fluch
card.cleopatra.temptation.name,유혹,Temptation,Tentation,Tentazione,Tentación,誘惑,Πειρασμός,诱惑,诱惑,Искушение,Tentação,Pokusa,Versuchung
card.cleopatra.temptation.archetype,조종,Control,Contrôle,Controllo,Control,操縦,Έλεγχος,操控,操控,Контроль,Controle,Kontrola,Kontrolle
card.cleopatra.nile_mist.name,나일의 안개,Nile Mist,Brume du Nil,Nebbia del Nilo,Niebla del Nilo,ナイルの霧,Ομίχλη του Νείλου,尼罗河之雾,尼罗河之雾,Туман Нила,Névoa do Nilo,Mgła Nilu,Nil-Nebel
card.cleopatra.nile_mist.archetype,독살,Poisoning,Empoisonnement,Avvelenamento,Envenenamiento,毒殺,Δηλητηρίαση,毒杀,毒杀,Отравление,Envenenamento,Zatruwanie,Vergiftung
card.cleopatra.serpent_grasp.name,독사의 마수,Serpent Grasp,Emprise du serpent,Presa del serpente,Agarre de serpiente,毒蛇の魔手,Άρπαγμα του Φιδιού,毒蛇魔手,毒蛇魔手,Хватка змея,Garra da Serpente,Uchwyt Węża,Schlangengriff
card.cleopatra.serpent_grasp.archetype,독살,Poisoning,Empoisonnement,Avvelenamento,Envenenamiento,毒殺,Δηλητηρίαση,毒杀,毒杀,Отравление,Envenenamento,Zatruwanie,Vergiftung
card.cleopatra.pharaoh_poison.name,파라오의 독,Pharaoh's Poison,Poison du Pharaon,Veleno del Faraone,Veneno del Faraón,ファラオの毒,Δηλητήριο του Φαραώ,法老的毒,法老的毒,Яд фараона,Veneno do Faraó,Trucizna Faraona,Pharaonengift
card.cleopatra.pharaoh_poison.archetype,저주,Curse,Malédiction,Maledizione,Maldición,呪い,Κατάρα,诅咒,诅咒,Проклятие,Maldição,Klątwa,Fluch
card.cleopatra.ramesses_shield.name,람세스의 방패,Ramesses' Shield,Bouclier de Ramsès,Scudo di Ramsete,Escudo de Ramsés,ラムセスの盾,Ασπίδα του Ραμσή,拉美西斯之盾,拉美西斯之盾,Щит Рамзеса,Escudo de Ramsés,Tarcza Ramzesa,Schild des Ramses
card.cleopatra.ramesses_shield.archetype,저주,Curse,Malédiction,Maledizione,Maldición,呪い,Κατάρα,诅咒,诅咒,Проклятие,Maldição,Klątwa,Fluch
card.cleopatra.nile_fury.name,나일의 분노,Nile Fury,Fureur du Nil,Furia del Nilo,Furia del Nilo,ナイルの憤怒,Οργή του Νείλου,尼罗河之怒,尼罗河之怒,Ярость Нила,Fúria do Nilo,Furia Nilu,Nil-Zorn
card.cleopatra.nile_fury.archetype,독살,Poisoning,Empoisonnement,Avvelenamento,Envenenamiento,毒殺,Δηλητηρίαση,毒杀,毒杀,Отравление,Envenenamento,Zatruwanie,Vergiftung
card.cleopatra.pharaoh_decree.name,파라오의 명,Pharaoh's Decree,Décret du Pharaon,Editto del Faraone,Decreto del Faraón,ファラオの命,Διάταγμα του Φαραώ,法老之命,法老之命,Декрет фараона,Decreto do Faraó,Dekret Faraona,Pharaonen-Erlass
card.cleopatra.pharaoh_decree.archetype,조종,Control,Contrôle,Controllo,Control,操縦,Έλεγχος,操控,操控,Контроль,Controle,Kontrola,Kontrolle
card.cleopatra.nile_whisper.name,나일의 속삭임,Nile's Whisper,Murmure du Nil,Sussurro del Nilo,Susurro del Nilo,ナイルのささやき,Ψίθυρος του Νείλου,尼罗河私语,尼罗河私语,Шёпот Нила,Sussurro do Nilo,Szept Nilu,Nil-Flüstern
card.cleopatra.nile_whisper.archetype,조종,Control,Contrôle,Controllo,Control,操縦,Έλεγχος,操控,操控,Контроль,Controle,Kontrola,Kontrolle
card.cleopatra.cleopatras_kiss.name,파라오의 입맞춤,the Pharaoh's Kiss,Baiser de la Pharaonne,Bacio di la Faraona,Beso de la Faraona,ファラオの接吻,Φιλί της Φαραώς,法老之吻,法老之吻,Поцелуй фараона,Beijo do Faraó,Pocałunek Faraona,Kuss des Pharaos
card.cleopatra.cleopatras_kiss.archetype,조종,Control,Contrôle,Controllo,Control,操縦,Έλεγχος,操控,操控,Контроль,Controle,Kontrola,Kontrolle
card.cleopatra.poison_fog_spray.name,독안개 살포,Poison Fog Spray,Pulvérisation de brume empoisonnée,Spruzzo di nebbia velenosa,Aerosol de niebla venenosa,毒霧散布,Ψεκασμός Δηλητηριώδους Ομίχλης,喷洒毒雾,喷洒毒雾,Распыление ядовитого тумана,Pulverização de Névoa Tóxica,Rozpylenie Trującej Mgły,Giftnebel-Sprühnebel
card.cleopatra.poison_fog_spray.archetype,독살,Poisoning,Empoisonnement,Avvelenamento,Envenenamiento,毒殺,Δηλητηρίαση,毒杀,毒杀,Отравление,Envenenamento,Zatruwanie,Vergiftung
card.cleopatra.wax_trap.name,밀납의 덫,Wax Trap,Piège de cire,Trappola di cera,Trampa de cera,蜜蝋の罠,Παγίδα Κεριού,蜡之陷阱,蜡之陷阱,Восковая ловушка,Armadilha de Cera,Woskowa Pułapka,Wachsfalle
card.cleopatra.wax_trap.archetype,조종,Control,Contrôle,Controllo,Control,操縦,Έλεγχος,操控,操控,Контроль,Controle,Kontrola,Kontrolle
card.cleopatra.sandstorm.name,모래 폭풍,Sandstorm,Tempête de sable,Tempesta di sabbia,Tormenta de arena,砂嵐,Αμμοθύελλα,沙尘暴,沙尘暴,Песчаная буря,Tempestade de Areia,Burza Piaskowa,Sandsturm
card.cleopatra.sandstorm.archetype,저주,Curse,Malédiction,Maledizione,Maldición,呪い,Κατάρα,诅咒,诅咒,Проклятие,Maldição,Klątwa,Fluch
card.cleopatra.nile_blessing.name,나일의 축복,Nile Blessing,Bénédiction du Nil,Benedizione del Nilo,Bendición del Nilo,ナイルの祝福,Ευλογία του Νείλου,尼罗河的祝福,尼罗河的祝福,Благословение Нила,Bênção do Nilo,Błogosławieństwo Nilu,Nil-Segen
card.cleopatra.nile_blessing.archetype,조종,Control,Contrôle,Controllo,Control,操縦,Έλεγχος,操控,操控,Контроль,Controle,Kontrola,Kontrolle
card.cleopatra.snake_gaze.name,뱀의 눈빛,Snake Gaze,Regard du serpent,Sguardo del serpente,Mirada de serpiente,蛇の眼差し,Βλέμμα του Φιδιού,蛇之注视,蛇之注视,Змеиный взгляд,Olhar de Serpente,Wężowe Spojrzenie,Schlangenblick
card.cleopatra.snake_gaze.archetype,저주,Curse,Malédiction,Maledizione,Maldición,呪い,Κατάρα,诅咒,诅咒,Проклятие,Maldição,Klątwa,Fluch
card.cleopatra.double_fang.name,이중 독니,Double Fang,Double croc,Zanna doppia,Colmillo doble,二重毒牙,Διπλό Δόντι,双重毒牙,双重毒牙,Двойной клык,Presa Dupla,Podwójny Kieł,Doppelzahn
card.cleopatra.double_fang.archetype,독살,Poisoning,Empoisonnement,Avvelenamento,Envenenamiento,毒殺,Δηλητηρίαση,毒杀,毒杀,Отравление,Envenenamento,Zatruwanie,Vergiftung
card.cleopatra.tempting_eye.name,유혹의 눈길,Tempting Eye,Oeil tentateur,Occhio tentatore,Ojo tentador,誘惑の眼差し,Δελεαστικό Μάτι,诱惑之眼,诱惑之眼,Соблазнительный глаз,Olho Tentador,Kuszące Oko,Verlockendes Auge
card.cleopatra.tempting_eye.archetype,조종,Control,Contrôle,Controllo,Control,操縦,Έλεγχος,操控,操控,Контроль,Controle,Kontrola,Kontrolle
card.cleopatra.poison_feast.name,독의 향연,Poison Feast,Festin de poison,Banchetto del veleno,Festín de veneno,毒の饗宴,Γιορτή του Δηλητηρίου,毒之飨宴,毒之飨宴,Ядовитый пир,Banquete de Veneno,Trująca Uczta,Giftmahl
card.cleopatra.poison_feast.archetype,독살,Poisoning,Empoisonnement,Avvelenamento,Envenenamiento,毒殺,Δηλητηρίαση,毒杀,毒杀,Отравление,Envenenamento,Zatruwanie,Vergiftung
card.cleopatra.pharaoh_curse.name,파라오의 저주,Pharaoh's Curse,Malédiction du Pharaon,Maledizione del Faraone,Maldición del Faraón,ファラオの呪い,Κατάρα του Φαραώ,法老的诅咒,法老的诅咒,Проклятие фараона,Maldição do Faraó,Klątwa Faraona,Pharaonenfluch
card.cleopatra.pharaoh_curse.archetype,저주,Curse,Malédiction,Maledizione,Maldición,呪い,Κατάρα,诅咒,诅咒,Проклятие,Maldição,Klątwa,Fluch
card.cleopatra.nile_flow.name,나일의 흐름,Nile Flow,Courant du Nil,Flusso del Nilo,Flujo del Nilo,ナイルの流,Ροή του Νείλου,尼罗河之流,尼罗河之流,Поток Нила,Fluxo do Nilo,Nurt Nilu,Nil-Strömung
card.cleopatra.nile_flow.archetype,조종,Control,Contrôle,Controllo,Control,操縦,Έλεγχος,操控,操控,Контроль,Controle,Kontrola,Kontrolle
card.cleopatra.snake_poison_dance.name,뱀의 독무,Snake Poison Dance,Danse du venin du serpent,Danza del veleno del serpente,Danza del veneno de serpiente,蛇の毒舞,Χορός του Δηλητηρίου του Φιδιού,蛇之毒舞,蛇之毒舞,Танец змеиного яда,Dança do Veneno da Serpente,Taniec Wężowej Trucizny,Schlangengift-Tanz
card.cleopatra.snake_poison_dance.archetype,독살,Poisoning,Empoisonnement,Avvelenamento,Envenenamiento,毒殺,Δηλητηρίαση,毒杀,毒杀,Отравление,Envenenamento,Zatruwanie,Vergiftung
card.cleopatra.serpent_ritual.name,뱀의 의식,Serpent Ritual,Rituel du Serpent,Rituale del Serpente,Ritual de la Serpiente,蛇の儀式,Τελετουργικό του Φιδιού,蛇之仪式,蛇之儀式,Ритуал змеи,Ritual da Serpente,Rytuał Węża,Schlangen-Ritual
card.cleopatra.serpent_ritual.archetype,조종,Control,Contrôle,Controllo,Control,操縦,Έλεγχος,操控,操控,Контроль,Controle,Kontrola,Kontrolle
card.cleopatra.desert_recipe.name,사막의 약법,Desert Recipe,Recette du désert,Ricetta del deserto,Receta del desierto,砂漠の薬法,Συνταγή της Ερήμου,沙漠药方,沙漠药方,Рецепт пустыни,Receita do Deserto,Pustynny Przepis,Wüsten-Rezept
card.cleopatra.desert_recipe.archetype,저주,Curse,Malédiction,Maledizione,Maldición,呪い,Κατάρα,诅咒,诅咒,Проклятие,Maldição,Klątwa,Fluch
card.cleopatra.poison_judgment.name,독의 심판,Poison Judgment,Jugement du poison,Giudizio del veleno,Juicio de veneno,毒の審判,Κρίση του Δηλητηρίου,毒之审判,毒之审判,Ядовитый суд,Julgamento Venenoso,Trujący Sąd,Giftiges Urteil
card.cleopatra.poison_judgment.archetype,독살,Poisoning,Empoisonnement,Avvelenamento,Envenenamiento,毒殺,Δηλητηρίαση,毒杀,毒杀,Отравление,Envenenamento,Zatruwanie,Vergiftung
card.cleopatra.isis_fury.name,이시스의 분노,Isis' Fury,Fureur d'Isis,Furia di Iside,Furia de Isis,イシスの憤怒,Οργή της Ίσιδας,伊西斯之怒,伊西斯之怒,Ярость Исиды,Fúria de Ísis,Furia Izydy,Zorn der Isis
card.cleopatra.isis_fury.archetype,저주,Curse,Malédiction,Maledizione,Maldición,呪い,Κατάρα,诅咒,诅咒,Проклятие,Maldição,Klątwa,Fluch
card.cleopatra.poison_ritual.name,독살의 의식,Poison Ritual,Rituel d'empoisonnement,Rituale di avvelenamento,Ritual de envenenamiento,毒殺の儀式,Τελετουργικό Δηλητηρίασης,毒杀仪式,毒杀仪式,Ритуал яда,Ritual de Veneno,Rytuał Trucizny,Gift-Ritual
card.cleopatra.poison_ritual.archetype,독살,Poisoning,Empoisonnement,Avvelenamento,Envenenamiento,毒殺,Δηλητηρίαση,毒杀,毒杀,Отравление,Envenenamento,Zatruwanie,Vergiftung
card.cleopatra.golden_throne.name,황금 왕좌,Golden Throne,Trône d'or,Trono d'oro,Trono de Oro,黄金の王座,Χρυσός Θρόνος,黄金王座,黃金王座,Золотой трон,Trono Dourado,Złoty Tron,Goldener Thron
card.cleopatra.golden_throne.archetype,조종,Control,Contrôle,Controllo,Control,操縦,Έλεγχος,操控,操控,Контроль,Controle,Kontrola,Kontrolle
card.cleopatra.curse_brand.name,저주의 낙인,Curse Brand,Marque de malédiction,Marchio della maledizione,Marca de maldición,呪いの烙印,Στίγμα της Κατάρας,诅咒烙印,诅咒烙印,Клеймо проклятия,Marca da Maldição,Piętno Klątwy,Fluchbrandzeichen
card.cleopatra.curse_brand.archetype,저주,Curse,Malédiction,Maledizione,Maldición,呪い,Κατάρα,诅咒,诅咒,Проклятие,Maldição,Klątwa,Fluch
card.cleopatra.nile_doom.name,나일의 파멸,Nile Doom,Destin du Nil,Rovina del Nilo,Ruina del Nilo,ナイルの破滅,Όλεθρος του Νείλου,尼罗河的毁灭,尼罗河的毁灭,Гибель Нила,Ruína do Nilo,Zguba Nilu,Nil-Verhängnis
card.cleopatra.nile_doom.archetype,독살,Poisoning,Empoisonnement,Avvelenamento,Envenenamiento,毒殺,Δηλητηρίαση,毒杀,毒杀,Отравление,Envenenamento,Zatruwanie,Vergiftung
card.cleopatra.charming_assault.name,매혹의 강습,Charming Assault,Assaut charmant,Assalto affascinante,Asalto encantador,魅惑の強襲,Γοητευτική Έφοδος,魅惑强袭,魅惑强袭,Очаровательный штурм,Assalto Encantador,Uroczy Szturm,Bezauberungs-Sturm
card.cleopatra.charming_assault.archetype,조종,Control,Contrôle,Controllo,Control,操縦,Έλεγχος,操控,操控,Контроль,Controle,Kontrola,Kontrolle
card.cleopatra.pharaoh_fury.name,파라오의 분노,Pharaoh's Fury,Fureur du Pharaon,Furia del Faraone,Furia del Faraón,ファラオの憤怒,Οργή του Φαραώ,法老之怒,法老之怒,Ярость фараона,Fúria do Faraó,Furia Faraona,Pharaonen-Zorn
card.cleopatra.pharaoh_fury.archetype,저주,Curse,Malédiction,Maledizione,Maldición,呪い,Κατάρα,诅咒,诅咒,Проклятие,Maldição,Klątwa,Fluch
card.cleopatra.curse_crossroads.name,저주의 교차로,Curse Crossroads,Carrefour des malédictions,Incrocio delle maledizioni,Encrucijada de maldiciones,呪いの十字路,Σταυροδρόμι της Κατάρας,诅咒的交汇,诅咒的交汇,Распутье проклятий,Encruzilhada de Maldições,Skrzyżowanie Klątw,Fluch-Kreuzung
card.cleopatra.curse_crossroads.archetype,저주,Curse,Malédiction,Maledizione,Maldición,呪い,Κατάρα,诅咒,诅咒,Проклятие,Maldição,Klątwa,Fluch
card.cleopatra.poison_throne.name,독의 왕좌,Poison Throne,Trône de poison,Trono del veleno,Trono de veneno,毒の王座,Θρόνος του Δηλητηρίου,毒之王座,毒之王座,Ядовитый трон,Trono de Veneno,Trujący Tron,Giftthron
card.cleopatra.poison_throne.archetype,독살,Poisoning,Empoisonnement,Avvelenamento,Envenenamiento,毒殺,Δηλητηρίαση,毒杀,毒杀,Отравление,Envenenamento,Zatruwanie,Vergiftung
card.cleopatra.isis_judgment.name,이시스의 심판,Isis' Judgment,Jugement d'Isis,Giudizio di Iside,Juicio de Isis,イシスの審判,Κρίση της Ίσιδας,伊西斯的审判,伊西斯的审判,Суд Исиды,Julgamento de Ísis,Sąd Izydy,Gericht der Isis
card.cleopatra.isis_judgment.archetype,저주,Curse,Malédiction,Maledizione,Maldición,呪い,Κατάρα,诅咒,诅咒,Проклятие,Maldição,Klątwa,Fluch
card.cleopatra.sekhmet_curse.name,세케메트의 저주,Sekhmet's Curse,Malédiction de Sekhmet,Maledizione di Sekhmet,Maldición de Sekhmet,セケメトの呪い,Κατάρα της Σεχμέτ,塞赫美特的诅咒,塞赫美特的诅咒,Проклятие Сехмет,Maldição de Sekhmet,Klątwa Sechmet,Sachmets Fluch
card.cleopatra.sekhmet_curse.archetype,저주,Curse,Malédiction,Maledizione,Maldición,呪い,Κατάρα,诅咒,诅咒,Проклятие,Maldição,Klątwa,Fluch
card.yi_sun_sin.strike.name,스트라이크,Strike,Frappe,Colpo,Golpe,ストライク,Χτύπημα,打击,打击,Удар,Golpe,Cios,Schlag
card.yi_sun_sin.strike.archetype,거북선,Turtle Ship,Bateau-tortue,Nave tartaruga,Barco tortuga,亀甲船,Πλοίο-Χελώνα,龟船,龟船,Корабль-черепаха,Navio Tartaruga,Statek-Żółw,Schildkrötenschiff
card.yi_sun_sin.defend.name,디펜드,Defend,Défense,Difesa,Defensa,ディフェンド,Άμυνα,防御,防御,Защита,Defesa,Obrona,Verteidigung
card.yi_sun_sin.defend.archetype,거북선,Turtle Ship,Bateau-tortue,Nave tartaruga,Barco tortuga,亀甲船,Πλοίο-Χελώνα,龟船,龟船,Корабль-черепаха,Navio Tartaruga,Statek-Żółw,Schildkrötenschiff
card.yi_sun_sin.shield.name,방패,Shield,Bouclier,Scudo,Escudo,盾,Ασπίδα,盾牌,盾牌,Щит,Escudo,Tarcza,Schild
card.yi_sun_sin.shield.archetype,거북선,Turtle Ship,Bateau-tortue,Nave tartaruga,Barco tortuga,亀甲船,Πλοίο-Χελώνα,龟船,龟船,Корабль-черепаха,Navio Tartaruga,Statek-Żółw,Schildkrötenschiff
card.yi_sun_sin.counter_strike.name,역공,Counter Strike,Contre-attaque,Contrattacco,Contraataque,逆攻,Αντεπίθεση,反击,反击,Контр-удар,Contra-Golpe,Kontra-Cios,Konterschlag
card.yi_sun_sin.counter_strike.archetype,거북선,Turtle Ship,Bateau-tortue,Nave tartaruga,Barco tortuga,亀甲船,Πλοίο-Χελώνα,龟船,龟船,Корабль-черепаха,Navio Tartaruga,Statek-Żółw,Schildkrötenschiff
card.yi_sun_sin.turtle_ship_charge.name,거북선 돌격,Turtle Ship Charge,Charge du bateau-tortue,Carica della nave tartaruga,Carga del barco tortuga,亀甲船突撃,Έφοδος Πλοίου-Χελώνας,龟船突击,龟船突击,Атака Корабля-черепахи,Carga do Navio Tartaruga,Szarża Statku-Żółwia,Schildkrötenschiff-Angriff
card.yi_sun_sin.turtle_ship_charge.archetype,거북선,Turtle Ship,Bateau-tortue,Nave tartaruga,Barco tortuga,亀甲船,Πλοίο-Χελώνα,龟船,龟船,Корабль-черепаха,Navio Tartaruga,Statek-Żółw,Schildkrötenschiff
card.yi_sun_sin.counter.name,반격,Counter,Contre,Contrattacco,Contraatacar,反撃,Ανταπόδοση,反击,反击,Контратака,Contra-ataque,Kontra,Konter
card.yi_sun_sin.counter.archetype,거북선,Turtle Ship,Bateau-tortue,Nave tartaruga,Barco tortuga,亀甲船,Πλοίο-Χελώνα,龟船,龟船,Корабль-черепаха,Navio Tartaruga,Statek-Żółw,Schildkrötenschiff
card.yi_sun_sin.iron_armor.name,철갑,Iron Armor,Armure de fer,Armatura di ferro,Armadura de hierro,鉄甲,Σιδερένια Θωράκιση,铁甲,铁甲,Железная броня,Armadura de Ferro,Żelazna Zbroja,Eiserne Rüstung
card.yi_sun_sin.iron_armor.archetype,거북선,Turtle Ship,Bateau-tortue,Nave tartaruga,Barco tortuga,亀甲船,Πλοίο-Χελώνα,龟船,龟船,Корабль-черепаха,Navio Tartaruga,Statek-Żółw,Schildkrötenschiff
card.yi_sun_sin.turtle_shield.name,거북선 방패,Turtle Shield,Bouclier du bateau-tortue,Scudo della nave tartaruga,Escudo del barco tortuga,亀甲船の盾,Ασπίδα του Πλοίου-Χελώνας,龟船之盾,龟船之盾,Щит черепахи,Escudo da Tartaruga,Tarcza Żółwia,Schildkröten-Schild
card.yi_sun_sin.turtle_shield.archetype,거북선,Turtle Ship,Bateau-tortue,Nave tartaruga,Barco tortuga,亀甲船,Πλοίο-Χελώνα,龟船,龟船,Корабль-черепаха,Navio Tartaruga,Statek-Żółw,Schildkrötenschiff
card.yi_sun_sin.crane_wing.name,학익진,Crane Wing,Aile de grue,Ala di gru,Ala de grulla,鶴翼の陣,Σχηματισμός Γερανού,鹤翼阵,鹤翼阵,Журавлиное крыло,Asa de Grou,Skrzydło Żurawia,Kranichflügel
card.yi_sun_sin.crane_wing.archetype,학익진,Crane Wing,Aile de grue,Ala di gru,Ala de grulla,鶴翼の陣,Σχηματισμός Γερανού,鹤翼阵,鹤翼阵,Журавлиное крыло,Asa de Grou,Skrzydło Żurawia,Kranichflügel
card.yi_sun_sin.formation_boost.name,진형 강화,Formation Boost,Renfort de formation,Potenziamento della formazione,Mejora de formación,陣形強化,Ενίσχυση Σχηματισμού,加强阵型,加强阵型,Усиление построения,Reforço de Formação,Wzmocnienie Formacji,Formations-Verstärkung
card.yi_sun_sin.formation_boost.archetype,학익진,Crane Wing,Aile de grue,Ala di gru,Ala de grulla,鶴翼の陣,Σχηματισμός Γερανού,鹤翼阵,鹤翼阵,Журавлиное крыло,Asa de Grou,Skrzydło Żurawia,Kranichflügel
card.yi_sun_sin.naval_training.name,수군 훈련,Naval Training,Entraînement naval,Addestramento navale,Entrenamiento naval,水軍訓練,Ναυτική Εκπαίδευση,水师训练,水师训练,Морская подготовка,Treinamento Naval,Trening Morski,Marine-Training
card.yi_sun_sin.naval_training.archetype,학익진,Crane Wing,Aile de grue,Ala di gru,Ala de grulla,鶴翼の陣,Σχηματισμός Γερανού,鹤翼阵,鹤翼阵,Журавлиное крыло,Asa de Grou,Skrzydło Żurawia,Kranichflügel
card.yi_sun_sin.hansan_victory.name,한산대첩,Hansan Victory,Victoire de Hansan,Vittoria di Hansan,Victoria de Hansan,閑山大捷,Νίκη του Χανσάν,闲山大捷,闲山大捷,Победа при Хансане,Vitória de Hansan,Zwycięstwo Hansan,Hansan-Sieg
card.yi_sun_sin.hansan_victory.archetype,학익진,Crane Wing,Aile de grue,Ala di gru,Ala de grulla,鶴翼の陣,Σχηματισμός Γερανού,鹤翼阵,鹤翼阵,Журавлиное крыло,Asa de Grou,Skrzydło Żurawia,Kranichflügel
card.yi_sun_sin.strict_training.name,엄정한 훈련,Strict Training,Entraînement strict,Addestramento rigoroso,Entrenamiento estricto,厳正な訓練,Αυστηρή Εκπαίδευση,严正训练,严正训练,Строгая подготовка,Treinamento Rigoroso,Surowy Trening,Strenges Training
card.yi_sun_sin.strict_training.archetype,학익진,Crane Wing,Aile de grue,Ala di gru,Ala de grulla,鶴翼の陣,Σχηματισμός Γερανού,鹤翼阵,鹤翼阵,Журавлиное крыло,Asa de Grou,Skrzydło Żurawia,Kranichflügel
card.yi_sun_sin.last_stand.name,배수진,Last Stand,Dernier combat,Ultima difesa,Última defensa,背水の陣,Έσχατη Άμυνα,背水一战,背水一战,Последний бой,Última Resistência,Ostatnia Walka,Letzter Widerstand
card.yi_sun_sin.last_stand.archetype,필사즉생,Death or Glory,La mort ou la gloire,Morte o gloria,Muerte o gloria,必死即生,Θάνατος ή Δόξα,必死即生,必死即生,Смерть или Слава,Morte ou Glória,Śmierć lub Chwała,Tod oder Ruhm
card.yi_sun_sin.death_or_glory.name,필사즉생,Death or Glory,La mort ou la gloire,Morte o gloria,Muerte o gloria,必死即生,Θάνατος ή Δόξα,必死即生,必死即生,Смерть или Слава,Morte ou Glória,Śmierć lub Chwała,Tod oder Ruhm
card.yi_sun_sin.death_or_glory.archetype,필사즉생,Death or Glory,La mort ou la gloire,Morte o gloria,Muerte o gloria,必死即生,Θάνατος ή Δόξα,必死即生,必死即生,Смерть или Слава,Morte ou Glória,Śmierć lub Chwała,Tod oder Ruhm
card.yi_sun_sin.indomitable.name,불굴,Indomitable,Indomptable,Indomabile,Indomable,不屈,Αδάμαστος,不屈,不屈,Несгибаемый,Indomável,Niezłomny,Unbeugsam
card.yi_sun_sin.indomitable.archetype,필사즉생,Death or Glory,La mort ou la gloire,Morte o gloria,Muerte o gloria,必死即生,Θάνατος ή Δόξα,必死即生,必死即生,Смерть или Слава,Morte ou Glória,Śmierć lub Chwała,Tod oder Ruhm
card.yi_sun_sin.naval_maneuver.name,해군 기동,Naval Maneuver,Manoeuvre navale,Manovra navale,Maniobra naval,海軍機動,Ναυτικός Ελιγμός,海军机动,海军机动,Морской манёвр,Manobra Naval,Manewr Morski,Marine-Manöver
card.yi_sun_sin.naval_maneuver.archetype,거북선,Turtle Ship,Bateau-tortue,Nave tartaruga,Barco tortuga,亀甲船,Πλοίο-Χελώνα,龟船,龟船,Корабль-черепаха,Navio Tartaruga,Statek-Żółw,Schildkrötenschiff
card.yi_sun_sin.noryang_battle.name,노량 해전,Noryang Battle,Bataille de Noryang,Battaglia di Noryang,Batalla de Noryang,露梁海戦,Ναυμαχία του Νοριάνγκ,露梁海战,露梁海战,Битва при Норян,Batalha de Noryang,Bitwa pod Noryang,Schlacht von Noryang
card.yi_sun_sin.noryang_battle.archetype,거북선,Turtle Ship,Bateau-tortue,Nave tartaruga,Barco tortuga,亀甲船,Πλοίο-Χελώνα,龟船,龟船,Корабль-черепаха,Navio Tartaruga,Statek-Żółw,Schildkrötenschiff
card.yi_sun_sin.crane_wing_complete.name,학익진 완성,Crane Wing Complete,Aile de grue achevée,Ala di gru completa,Ala de grulla completa,鶴翼の陣完成,Ολοκλήρωση Σχηματισμού Γερανού,鹤翼阵成,鹤翼阵成,Полное Журавлиное крыло,Asa de Grou Completa,Pełne Skrzydło Żurawia,Vollständiger Kranichflügel
card.yi_sun_sin.crane_wing_complete.archetype,학익진,Crane Wing,Aile de grue,Ala di gru,Ala de grulla,鶴翼の陣,Σχηματισμός Γερανού,鹤翼阵,鹤翼阵,Журавлиное крыло,Asa de Grou,Skrzydło Żurawia,Kranichflügel
card.yi_sun_sin.armor_upgrade.name,장갑 강화,Armor Upgrade,Amélioration d'armure,Potenziamento armatura,Mejora de armadura,装甲強化,Αναβάθμιση Θωράκισης,加强装甲,加强装甲,Улучшение брони,Aprimorar Armadura,Ulepszenie Zbroi,Rüstungs-Verbesserung
card.yi_sun_sin.armor_upgrade.archetype,거북선,Turtle Ship,Bateau-tortue,Nave tartaruga,Barco tortuga,亀甲船,Πλοίο-Χελώνα,龟船,龟船,Корабль-черепаха,Navio Tartaruga,Statek-Żółw,Schildkrötenschiff
card.yi_sun_sin.consecutive_defense.name,연속 방어,Consecutive Defense,Défense consécutive,Difesa consecutiva,Defensa consecutiva,連続防御,Συνεχόμενη Άμυνα,连续防御,连续防御,Последовательная защита,Defesa Consecutiva,Kolejna Obrona,Aufeinanderfolgende Verteidigung
card.yi_sun_sin.consecutive_defense.archetype,거북선,Turtle Ship,Bateau-tortue,Nave tartaruga,Barco tortuga,亀甲船,Πλοίο-Χελώνα,龟船,龟船,Корабль-черепаха,Navio Tartaruga,Statek-Żółw,Schildkrötenschiff
card.yi_sun_sin.iron_wall.name,철벽,Iron Wall,Mur de fer,Muro di ferro,Muro de hierro,鉄壁,Σιδερένιο Τείχος,铁壁,铁壁,Железная стена,Muralha de Ferro,Żelazna Ściana,Eisenwand
card.yi_sun_sin.iron_wall.archetype,거북선,Turtle Ship,Bateau-tortue,Nave tartaruga,Barco tortuga,亀甲船,Πλοίο-Χελώνα,龟船,龟船,Корабль-черепаха,Navio Tartaruga,Statek-Żółw,Schildkrötenschiff
card.yi_sun_sin.charge_stance.name,돌격 태세,Charge Stance,Posture de charge,Posizione di carica,Postura de carga,突撃態勢,Στάση Εφόδου,突击态势,突击态势,Стойка атаки,Postura de Carga,Postawa Szarży,Angriffshaltung
card.yi_sun_sin.charge_stance.archetype,거북선,Turtle Ship,Bateau-tortue,Nave tartaruga,Barco tortuga,亀甲船,Πλοίο-Χελώνα,龟船,龟船,Корабль-черепаха,Navio Tartaruga,Statek-Żółw,Schildkrötenschiff
card.yi_sun_sin.cannon_fire.name,함포 사격,Cannon Fire,Feu de canon,Fuoco di cannone,Fuego de cañón,艦砲射撃,Πυρά Κανονιών,舰炮轰击,舰炮轰击,Пушечный огонь,Disparo de Canhão,Ogień Armatni,Kanonenfeuer
card.yi_sun_sin.cannon_fire.archetype,거북선,Turtle Ship,Bateau-tortue,Nave tartaruga,Barco tortuga,亀甲船,Πλοίο-Χελώνα,龟船,龟船,Корабль-черепаха,Navio Tartaruga,Statek-Żółw,Schildkrötenschiff
card.yi_sun_sin.shield_guard.name,방패막이,Shield Guard,Garde au bouclier,Guardia con lo scudo,Protección con escudo,盾ガード,Προστασία με Ασπίδα,盾挡,盾挡,Защита щитом,Guarda de Escudo,Straż Tarczy,Schildwache
card.yi_sun_sin.shield_guard.archetype,거북선,Turtle Ship,Bateau-tortue,Nave tartaruga,Barco tortuga,亀甲船,Πλοίο-Χελώνα,龟船,龟船,Корабль-черепаха,Navio Tartaruga,Statek-Żółw,Schildkrötenschiff
card.yi_sun_sin.counter_stance.name,반격 태세,Counter Stance,Posture de contre,Posizione di contrattacco,Postura de contraataque,反撃態勢,Στάση Ανταπόδοσης,反击态势,反击态势,Контр-стойка,Postura de Contra-ataque,Postawa Kontry,Konter-Haltung
card.yi_sun_sin.counter_stance.archetype,거북선,Turtle Ship,Bateau-tortue,Nave tartaruga,Barco tortuga,亀甲船,Πλοίο-Χελώνα,龟船,龟船,Корабль-черепаха,Navio Tartaruga,Statek-Żółw,Schildkrötenschiff
card.yi_sun_sin.fleet_rally.name,함대 결집,Fleet Rally,Ralliement de la flotte,Raduno della flotta,Reunión de la flota,艦隊結集,Συγκέντρωση Στόλου,舰队集结,舰队集结,Сбор флота,Reunião da Frota,Zbiórka Floty,Flotten-Versammlung
card.yi_sun_sin.fleet_rally.archetype,거북선,Turtle Ship,Bateau-tortue,Nave tartaruga,Barco tortuga,亀甲船,Πλοίο-Χελώνα,龟船,龟船,Корабль-черепаха,Navio Tartaruga,Statek-Żółw,Schildkrötenschiff
card.yi_sun_sin.morale_boost.name,사기 고취,Morale Boost,Regain de moral,Incentivo al morale,Mejora de moral,士気高揚,Ενίσχυση Ηθικού,鼓舞士气,鼓舞士气,Подъём морали,Aumento de Moral,Wzrost Morale,Moral-Schub
card.yi_sun_sin.morale_boost.archetype,학익진,Crane Wing,Aile de grue,Ala di gru,Ala de grulla,鶴翼の陣,Σχηματισμός Γερανού,鹤翼阵,鹤翼阵,Журавлиное крыло,Asa de Grou,Skrzydło Żurawia,Kranichflügel
card.yi_sun_sin.discipline.name,군기 진작,Discipline,Discipline,Disciplina,Disciplina,軍紀振興,Πειθαρχία,振奋军纪,振奋军纪,Дисциплина,Disciplina,Dyscyplina,Disziplin
card.yi_sun_sin.discipline.archetype,학익진,Crane Wing,Aile de grue,Ala di gru,Ala de grulla,鶴翼の陣,Σχηματισμός Γερανού,鹤翼阵,鹤翼阵,Журавлиное крыло,Asa de Grou,Skrzydło Żurawia,Kranichflügel
card.yi_sun_sin.hold_formation.name,진형 사수,Hold Formation,Maintenir la formation,Mantieni la formazione,Mantener formación,陣形死守,Διατήρηση Σχηματισμού,坚守阵型,坚守阵型,Удержать построение,Manter Formação,Utrzymaj Formację,Formation halten
card.yi_sun_sin.hold_formation.archetype,학익진,Crane Wing,Aile de grue,Ala di gru,Ala de grulla,鶴翼の陣,Σχηματισμός Γερανού,鹤翼阵,鹤翼阵,Журавлиное крыло,Asa de Grou,Skrzydło Żurawia,Kranichflügel
card.yi_sun_sin.regroup.name,전열 정비,Regroup,Regroupement,Raggruppamento,Reagrupar,戦列整備,Ανασύνταξη,整顿阵列,整顿阵列,Перегруппировка,Reagrupar,Przegrupowanie,Neuformierung
card.yi_sun_sin.regroup.archetype,학익진,Crane Wing,Aile de grue,Ala di gru,Ala de grulla,鶴翼の陣,Σχηματισμός Γερανού,鹤翼阵,鹤翼阵,Журавлиное крыло,Asa de Grou,Skrzydło Żurawia,Kranichflügel
card.yi_sun_sin.fleet_command.name,함대 지휘,Fleet Command,Commandement de la flotte,Comando della flotta,Mando de la flota,艦隊指揮,Διοίκηση Στόλου,舰队指挥,舰队指挥,Командование флотом,Comando da Frota,Dowodzenie Flotą,Flottenkommando
card.yi_sun_sin.fleet_command.archetype,학익진,Crane Wing,Aile de grue,Ala di gru,Ala de grulla,鶴翼の陣,Σχηματισμός Γερανού,鹤翼阵,鹤翼阵,Журавлиное крыло,Asa de Grou,Skrzydło Żurawia,Kranichflügel
card.yi_sun_sin.volley_fire.name,일제 사격,Volley Fire,Feu de volée,Fuoco di volata,Fuego de volea,一斉射撃,Ομοβροντία,一齐射击,一齐射击,Залповый огонь,Disparo em Salva,Ostrzał Salwą,Salvenfeuer
card.yi_sun_sin.volley_fire.archetype,거북선,Turtle Ship,Bateau-tortue,Nave tartaruga,Barco tortuga,亀甲船,Πλοίο-Χελώνα,龟船,龟船,Корабль-черепаха,Navio Tartaruga,Statek-Żółw,Schildkrötenschiff
card.yi_sun_sin.command_instinct.name,지휘 본능,Command Instinct,Instinct de commandement,Istinto di comando,Instinto de mando,指揮本能,Ένστικτο Διοίκησης,指挥本能,指挥本能,Командирский инстинкт,Instinto de Comando,Instynkt Dowódcy,Befehls-Instinkt
card.yi_sun_sin.command_instinct.archetype,학익진,Crane Wing,Aile de grue,Ala di gru,Ala de grulla,鶴翼の陣,Σχηματισμός Γερανού,鹤翼阵,鹤翼阵,Журавлиное крыло,Asa de Grou,Skrzydło Żurawia,Kranichflügel
card.yi_sun_sin.formation_bond.name,진형 결속,Formation Bond,Lien de formation,Legame di formazione,Vínculo de formación,陣形結束,Δεσμός Σχηματισμού,阵型团结,阵型团结,Связь построения,Vínculo de Formação,Więź Formacji,Formations-Bindung
card.yi_sun_sin.formation_bond.archetype,학익진,Crane Wing,Aile de grue,Ala di gru,Ala de grulla,鶴翼の陣,Σχηματισμός Γερανού,鹤翼阵,鹤翼阵,Журавлиное крыло,Asa de Grou,Skrzydło Żurawia,Kranichflügel
card.yi_sun_sin.decisive_strike.name,사지결단,Decisive Strike,Frappe décisive,Colpo decisivo,Golpe decisivo,四肢決断,Αποφασιστικό Χτύπημα,决死一战,决死一战,Решающий удар,Golpe Decisivo,Decydujący Cios,Entscheidender Schlag
card.yi_sun_sin.decisive_strike.archetype,필사즉생,Death or Glory,La mort ou la gloire,Morte o gloria,Muerte o gloria,必死即生,Θάνατος ή Δόξα,必死即生,必死即生,Смерть или Слава,Morte ou Glória,Śmierć lub Chwała,Tod oder Ruhm
card.yi_sun_sin.all_in.name,이판사판,All In,Tout pour le tout,Tutto per tutto,Todo o nada,一か八か,Τα Παίζω Όλα,孤注一掷,孤注一掷,Ва-банк,Tudo ou Nada,Wszystko,Alles auf eine Karte
card.yi_sun_sin.all_in.archetype,필사즉생,Death or Glory,La mort ou la gloire,Morte o gloria,Muerte o gloria,必死即生,Θάνατος ή Δόξα,必死即生,必死即生,Смерть или Слава,Morte ou Glória,Śmierć lub Chwała,Tod oder Ruhm
card.yi_sun_sin.miraculous_recovery.name,기사회생,Miraculous Recovery,Récupération miraculeuse,Ritorno alla vita,Recupero milagroso,起死回生,Θαυματουργή Ανάρρωση,死里逃生,死里逃生,Чудесное восстановление,Recuperação Milagrosa,Cudowna Odnowa,Wundersame Genesung
card.yi_sun_sin.miraculous_recovery.archetype,필사즉생,Death or Glory,La mort ou la gloire,Morte o gloria,Muerte o gloria,必死即生,Θάνατος ή Δόξα,必死即生,必死即生,Смерть или Слава,Morte ou Glória,Śmierć lub Chwała,Tod oder Ruhm
card.yi_sun_sin.crisis_breakthrough.name,위기 돌파,Crisis Breakthrough,Percée de crise,Svolta nella crisi,Ruptura de crisis,危機突破,Διάσπαση Κρίσης,突破危机,突破危机,Прорыв из кризиса,Avanço de Crise,Przełom Kryzysu,Krisen-Durchbruch
card.yi_sun_sin.crisis_breakthrough.archetype,필사즉생,Death or Glory,La mort ou la gloire,Morte o gloria,Muerte o gloria,必死即生,Θάνατος ή Δόξα,必死即生,必死即生,Смерть или Слава,Morte ou Glória,Śmierć lub Chwała,Tod oder Ruhm
card.yi_sun_sin.death_charge.name,사즉생 돌격,Death Charge,Charge mortelle,Carica mortale,Carga de muerte,死即生突撃,Έφοδος Θανάτου,死中求生突击,死中求生突击,Смертельная атака,Carga Mortal,Śmiertelna Szarża,Todes-Angriff
card.yi_sun_sin.death_charge.archetype,필사즉생,Death or Glory,La mort ou la gloire,Morte o gloria,Muerte o gloria,必死即生,Θάνατος ή Δόξα,必死即生,必死即生,Смерть или Слава,Morte ou Glória,Śmierć lub Chwała,Tod oder Ruhm
card.yi_sun_sin.bloody_battle.name,혈전,Bloody Battle,Bataille sanglante,Battaglia sanguinosa,Batalla sangrienta,血戦,Αιματηρή Μάχη,血战,血战,Кровавая битва,Batalha Sangrenta,Krwawa Bitwa,Blutige Schlacht
card.yi_sun_sin.bloody_battle.archetype,필사즉생,Death or Glory,La mort ou la gloire,Morte o gloria,Muerte o gloria,必死即生,Θάνατος ή Δόξα,必死即生,必死即生,Смерть или Слава,Morte ou Glória,Śmierć lub Chwała,Tod oder Ruhm
card.yi_sun_sin.war_drum.name,독전,War Drum,Tambour de guerre,Tamburo di guerra,Tambor de guerra,督戦,Τύμπανο Πολέμου,督战,督战,Боевой барабан,Tambor de Guerra,Bęben Wojenny,Kriegstrommel
card.yi_sun_sin.war_drum.archetype,필사즉생,Death or Glory,La mort ou la gloire,Morte o gloria,Muerte o gloria,必死即生,Θάνατος ή Δόξα,必死即生,必死即生,Смерть или Слава,Morte ou Glória,Śmierć lub Chwała,Tod oder Ruhm
card.yi_sun_sin.fighting_spirit.name,투지,Fighting Spirit,Esprit combatif,Spirito combattivo,Espíritu de lucha,闘志,Μαχητικό Πνεύμα,斗志,斗志,Боевой дух,Espírito de Luta,Bojowy Duch,Kampfgeist
card.yi_sun_sin.fighting_spirit.archetype,필사즉생,Death or Glory,La mort ou la gloire,Morte o gloria,Muerte o gloria,必死即生,Θάνατος ή Δόξα,必死即生,必死即生,Смерть или Слава,Morte ou Glória,Śmierć lub Chwała,Tod oder Ruhm
card.yi_sun_sin.phoenix.name,불사조,Phoenix,Phénix,Fenice,Fénix,不死鳥,Φοίνικας,不死鸟,不死鸟,Феникс,Fênix,Feniks,Phönix
card.yi_sun_sin.phoenix.archetype,필사즉생,Death or Glory,La mort ou la gloire,Morte o gloria,Muerte o gloria,必死即生,Θάνατος ή Δόξα,必死即生,必死即生,Смерть или Слава,Morte ou Glória,Śmierć lub Chwała,Tod oder Ruhm
card.joan_of_arc.strike.name,스트라이크,Strike,Frappe,Colpo,Golpe,ストライク,Χτύπημα,打击,打击,Удар,Golpe,Cios,Schlag
card.joan_of_arc.strike.archetype,신성공격,Divine Attack,Attaque divine,Attacco divino,Ataque divino,神聖攻撃,Θεϊκή Επίθεση,神圣攻击,神圣攻击,Божественная атака,Ataque Divino,Boski Atak,Göttlicher Angriff
card.joan_of_arc.defend.name,디펜드,Defend,Défense,Difesa,Defensa,ディフェンド,Άμυνα,防御,防御,Защита,Defesa,Obrona,Verteidigung
card.joan_of_arc.defend.archetype,신성,Divine,Divin,Divino,Divino,神聖,Θεϊκό,神圣,神圣,Божественное,Divino,Boskie,Göttlich
card.joan_of_arc.holy_smite.name,신성 강타,Holy Smite,Frappe sacrée,Colpo sacro,Golpe sagrado,神聖打,Άγιο Χτύπημα,神圣打击,神圣打击,Святая кара,Castigo Sagrado,Święta Kara,Heilige Strafe
card.joan_of_arc.holy_smite.archetype,신성공격,Divine Attack,Attaque divine,Attacco divino,Ataque divino,神聖攻撃,Θεϊκή Επίθεση,神圣攻击,神圣攻击,Божественная атака,Ataque Divino,Boski Atak,Göttlicher Angriff
card.joan_of_arc.shield_prayer.name,방패 기도,Shield Prayer,Prière du bouclier,Preghiera dello scudo,Oración del escudo,盾の祈り,Προσευχή Ασπίδας,盾牌祈祷,盾牌祈祷,Молитва щита,Oração de Escudo,Modlitwa Tarczy,Schild-Gebet
card.joan_of_arc.shield_prayer.archetype,신성,Divine,Divin,Divino,Divino,神聖,Θεϊκό,神圣,神圣,Божественное,Divino,Boskie,Göttlich
card.joan_of_arc.divine_ray.name,신성의 빛,Divine Ray,Rayon divin,Raggio divino,Rayo divino,神聖光線,Θεϊκή Ακτίνα,神圣光线,神圣光线,Божественный луч,Raio Divino,Boski Promień,Göttlicher Strahl
card.joan_of_arc.divine_ray.archetype,신성공격,Divine Attack,Attaque divine,Attacco divino,Ataque divino,神聖攻撃,Θεϊκή Επίθεση,神圣攻击,神圣攻击,Божественная атака,Ataque Divino,Boski Atak,Göttlicher Angriff
card.joan_of_arc.holy_bolt.name,신성 화살,Holy Bolt,Éclair sacré,Fulmine sacro,Rayo sagrado,神聖矢,Άγιο Βέλος,神圣箭矢,神圣箭矢,Святая молния,Raio Sagrado,Święta Strzała,Heiliger Blitz
card.joan_of_arc.holy_bolt.archetype,신성공격,Divine Attack,Attaque divine,Attacco divino,Ataque divino,神聖攻撃,Θεϊκή Επίθεση,神圣攻击,神圣攻击,Божественная атака,Ataque Divino,Boski Atak,Göttlicher Angriff
card.joan_of_arc.holy_wave.name,신성의 물결,Holy Wave,Vague sacrée,Onda sacra,Ola sagrada,神聖波,Άγιο Κύμα,神圣波涛,神圣波涛,Святая волна,Onda Sagrada,Święta Fala,Heilige Welle
card.joan_of_arc.holy_wave.archetype,신성공격,Divine Attack,Attaque divine,Attacco divino,Ataque divino,神聖攻撃,Θεϊκή Επίθεση,神圣攻击,神圣攻击,Божественная атака,Ataque Divino,Boski Atak,Göttlicher Angriff
card.joan_of_arc.martyrs_strike.name,순교자의 일격,Martyr's Strike,Frappe du martyr,Colpo del martire,Golpe del mártir,殉教者の一撃,Χτύπημα Μάρτυρα,殉教者之击,殉教者之击,Удар мученика,Golpe do Mártir,Cios Męczennika,Schlag des Märtyrers
card.joan_of_arc.martyrs_strike.archetype,신성공격,Divine Attack,Attaque divine,Attacco divino,Ataque divino,神聖攻撃,Θεϊκή Επίθεση,神圣攻击,神圣攻击,Божественная атака,Ataque Divino,Boski Atak,Göttlicher Angriff
card.joan_of_arc.crusade.name,십자군,Crusade,Croisade,Crociata,Cruzada,十字軍,Σταυροφορία,十字军,十字军,Крестовый поход,Cruzada,Krucjata,Kreuzzug
card.joan_of_arc.crusade.archetype,신성공격,Divine Attack,Attaque divine,Attacco divino,Ataque divino,神聖攻撃,Θεϊκή Επίθεση,神圣攻击,神圣攻击,Божественная атака,Ataque Divino,Boski Atak,Göttlicher Angriff
card.joan_of_arc.holy_lance.name,신성 창,Holy Lance,Lance sacrée,Lancia sacra,Lanza sagrada,神聖槍,Άγια Λόγχη,神圣长枪,神圣长枪,Святое копьё,Lança Sagrada,Święta Włócznia,Heilige Lanze
card.joan_of_arc.holy_lance.archetype,신성공격,Divine Attack,Attaque divine,Attacco divino,Ataque divino,神聖攻撃,Θεϊκή Επίθεση,神圣攻击,神圣攻击,Божественная атака,Ataque Divino,Boski Atak,Göttlicher Angriff
card.joan_of_arc.holy_judge.name,신성 심판,Holy Judge,Juge sacré,Giudice sacro,Juez sagrado,神聖審判,Άγιος Κριτής,神圣审判,神圣审判,Святой судия,Juíz Sagrado,Święty Sędzia,Heiliger Richter
card.joan_of_arc.holy_judge.archetype,신성공격,Divine Attack,Attaque divine,Attacco divino,Ataque divino,神聖攻撃,Θεϊκή Επίθεση,神圣攻击,神圣攻击,Божественная атака,Ataque Divino,Boski Atak,Göttlicher Angriff
card.joan_of_arc.divine_wrath.name,신성의 분노,Divine Wrath,Courroux divin,Collera divina,Ira divina,神聖の怒り,Θεϊκή Οργή,神圣之怒,神圣之怒,Божественный гнев,Ira Divina,Boski Gniew,Göttlicher Zorn
card.joan_of_arc.divine_wrath.archetype,신성공격,Divine Attack,Attaque divine,Attacco divino,Ataque divino,神聖攻撃,Θεϊκή Επίθεση,神圣攻击,神圣攻击,Божественная атака,Ataque Divino,Boski Atak,Göttlicher Angriff
card.joan_of_arc.divine_punishment.name,신성한 징벌,Divine Punishment,Châtiment divin,Punizione divina,Castigo divino,神聖な懲罰,Θεϊκή Τιμωρία,神圣惩罚,神圣惩罚,Божественная кара,Punição Divina,Boska Kara,Göttliche Strafe
card.joan_of_arc.divine_punishment.archetype,신성공격,Divine Attack,Attaque divine,Attacco divino,Ataque divino,神聖攻撃,Θεϊκή Επίθεση,神圣攻击,神圣攻击,Божественная атака,Ataque Divino,Boski Atak,Göttlicher Angriff
card.joan_of_arc.archangels_wrath.name,대천사의 분노,Archangel's Wrath,Courroux de l'Archange,Collera dell'Arcangelo,Ira del Arcángel,大天使の怒り,Οργή Αρχαγγέλου,大天使之怒,大天使之怒,Гнев архангела,Ira do Arcanjo,Gniew Archanioła,Zorn des Erzengels
card.joan_of_arc.archangels_wrath.archetype,신성공격,Divine Attack,Attaque divine,Attacco divino,Ataque divino,神聖攻撃,Θεϊκή Επίθεση,神圣攻击,神圣攻击,Божественная атака,Ataque Divino,Boski Atak,Göttlicher Angriff
card.joan_of_arc.holy_touch.name,성녀의 손길,Holy Touch,Toucher sacré,Tocco sacro,Toque sagrado,聖女の導き,Άγιο Άγγιγμα,圣女之抚,圣女之抚,Святое прикосновение,Toque Sagrado,Święty Dotyk,Heilige Berührung
card.joan_of_arc.holy_touch.archetype,축복,Blessing,Bénédiction,Benedizione,Bendición,祝福,Ευλογία,祝福,祝福,Благословение,Bênção,Błogosławieństwo,Segen
card.joan_of_arc.blessing_of_light.name,축복의 빛,Blessing of Light,Bénédiction de lumière,Benedizione della luce,Bendición de luz,祝福の光,Ευλογία του Φωτός,祝福之光,祝福之光,Благословение света,Bênção da Luz,Błogosławieństwo Światła,Segen des Lichts
card.joan_of_arc.blessing_of_light.archetype,축복,Blessing,Bénédiction,Benedizione,Bendición,祝福,Ευλογία,祝福,祝福,Благословение,Bênção,Błogosławieństwo,Segen
card.joan_of_arc.hymn.name,성가,Hymn,Hymne,Inno,Himno,聖歌,Ύμνος,圣歌,圣歌,Гимн,Hino,Hymn,Hymne
card.joan_of_arc.hymn.archetype,축복,Blessing,Bénédiction,Benedizione,Bendición,祝福,Ευλογία,祝福,祝福,Благословение,Bênção,Błogosławieństwo,Segen
card.joan_of_arc.purifying_flame.name,정화의 불꽃,Purifying Flame,Flamme purificatrice,Fiamma purificatrice,Llama purificadora,浄化の炎,Φλόγα Εξαγνισμού,净化之火,净化之火,Очищающее пламя,Chama Purificadora,Oczyszczający Płomień,Reinigende Flamme
card.joan_of_arc.purifying_flame.archetype,정화,Purification,Purification,Purificazione,Purificación,浄化,Εξαγνισμός,净化,淨化,Очищение,Purificação,Oczyszczenie,Reinigung
card.joan_of_arc.self_sacrifice.name,자기희생,Self-Sacrifice,Sacrifice de soi,Autosacrificio,Sacrificio personal,自己犠牲,Αυτοθυσία,自我牺牲,自我牺牲,Самопожертвование,Auto-Sacrifício,Samopoświęcenie,Selbstopfer
card.joan_of_arc.self_sacrifice.archetype,순교,Martyrdom,Martyre,Martirio,Martirio,殉教,Μαρτύριο,殉教,殉教,Мученичество,Martírio,Męczeństwo,Märtyrertum
card.joan_of_arc.orleans_charge.name,오를레앙의 돌격,Orleans Charge,Charge d'Orléans,Carica di Orléans,Carga de Orleans,オルレアンの突撃,Έφοδος της Ορλεάνης,奥尔良突击,奥尔良突击,Атака Орлеана,Carga de Orléans,Szarża Orleanu,Orleans-Angriff
card.joan_of_arc.orleans_charge.archetype,성전,Crusade,Croisade,Crociata,Cruzada,聖戦,Σταυροφορία,圣战,聖戰,Крестовый поход,Cruzada,Krucjata,Kreuzzug
card.joan_of_arc.miracle_revive.name,기적의 부활,Miracle Revive,Résurrection miraculeuse,Rianimazione miracolosa,Resurrección milagrosa,奇跡の復活,Θαυματουργή Αναβίωση,奇迹复活,奇迹复活,Чудесное воскрешение,Reviver Milagroso,Cudowne Wskrzeszenie,Wundersame Wiederbelebung
card.joan_of_arc.miracle_revive.archetype,부활,Resurrection,Résurrection,Resurrezione,Resurrección,復活,Ανάσταση,复活,复活,Воскрешение,Ressurreição,Wskrzeszenie,Auferstehung
card.joan_of_arc.divine_protection.name,신의 가호,Divine Protection,Protection divine,Protezione divina,Protección divina,神の加護,Θεία Προστασία,神之加护,神之加护,Божественная защита,Proteção Divina,Boska Ochrona,Göttlicher Schutz
card.joan_of_arc.divine_protection.archetype,축복,Blessing,Bénédiction,Benedizione,Bendición,祝福,Ευλογία,祝福,祝福,Благословение,Bênção,Błogosławieństwo,Segen
card.joan_of_arc.holy_fury.name,성스러운 분노,Holy Fury,Fureur sacrée,Furia sacra,Furia sagrada,聖なる憤怒,Θεία Οργή,神圣之怒,神圣之怒,Святой гнев,Fúria Sagrada,Święta Furia,Heiliger Zorn
card.joan_of_arc.holy_fury.archetype,성전,Crusade,Croisade,Crociata,Cruzada,聖戦,Σταυροφορία,圣战,聖戰,Крестовый поход,Cruzada,Krucjata,Kreuzzug
card.joan_of_arc.martyrs_will.name,순교의 의지,Martyr's Will,Volonté du martyr,Volontà del martire,Voluntad del mártir,殉教の意志,Θέληση του Μάρτυρα,殉教之志,殉教之志,Воля мученика,Vontade do Mártir,Wola Męczennika,Wille des Märtyrers
card.joan_of_arc.martyrs_will.archetype,순교,Martyrdom,Martyre,Martirio,Martirio,殉教,Μαρτύριο,殉教,殉教,Мученичество,Martírio,Męczeństwo,Märtyrertum
card.joan_of_arc.knights_oath.name,기사단의 맹세,Knight's Oath,Serment de chevalier,Giuramento del cavaliere,Juramento del caballero,騎士団の誓い,Όρκος των Ιπποτών,骑士团誓言,骑士团誓言,Клятва рыцаря,Juramento do Cavaleiro,Przysięga Rycerza,Schwur des Ritters
card.joan_of_arc.knights_oath.archetype,부활,Resurrection,Résurrection,Resurrezione,Resurrección,復活,Ανάσταση,复活,复活,Воскрешение,Ressurreição,Wskrzeszenie,Auferstehung
card.joan_of_arc.flag_of_orleans.name,신국의 깃발,Flag of Orleans,Bannière de Dieu,Bandiera di Dio,Bandera de Dios,神国の旗,Σημαία της Ορλεάνης,神国之旗,神国之旗,Знамя Орлеана,Bandeira de Orléans,Sztandar Orleanu,Orleans-Banner
card.joan_of_arc.flag_of_orleans.archetype,깃발,Banner,Bannière,Vessillo,Estandarte,旗,Λάβαρο,旗帜,旗幟,Знамя,Estandarte,Sztandar,Banner
card.joan_of_arc.saints_flame.name,성녀의 화염,Saint's Flame,Flamme de la sainte,Fiamma della santa,Llama de la santa,聖女の火焔,Φλόγα της Αγίας,圣女之焰,圣女之焰,Пламя святой,Chama da Santa,Płomień Świętej,Flamme der Heiligen
card.joan_of_arc.saints_flame.archetype,순교,Martyrdom,Martyre,Martirio,Martirio,殉教,Μαρτύριο,殉教,殉教,Мученичество,Martírio,Męczeństwo,Märtyrertum
card.joan_of_arc.holy_light.name,성스러운 빛,Holy Light,Lumière sacrée,Luce sacra,Luz sagrada,聖なる光,Άγιο Φως,神圣之光,神圣之光,Святой свет,Luz Sagrada,Święte Światło,Heiliges Licht
card.joan_of_arc.holy_light.archetype,성전,Crusade,Croisade,Crociata,Cruzada,聖戦,Σταυροφορία,圣战,聖戰,Крестовый поход,Cruzada,Krucjata,Kreuzzug
card.joan_of_arc.communion.name,성찬,Communion,Communion,Comunione,Comunión,聖餐,Θεία Κοινωνία,圣餐,圣餐,Причащение,Comunhão,Komunia,Kommunion
card.joan_of_arc.communion.archetype,축복,Blessing,Bénédiction,Benedizione,Bendición,祝福,Ευλογία,祝福,祝福,Благословение,Bênção,Błogosławieństwo,Segen
card.joan_of_arc.revive_spark.name,부활의 불씨,Revive Spark,Étincelle de résurrection,Scintilla di rinascita,Chispa de resurrección,復活の火種,Σπίθα Αναβίωσης,复活火种,复活火种,Искра воскрешения,Faísca de Reviver,Iskra Wskrzeszenia,Wiederbelebungs-Funke
card.joan_of_arc.revive_spark.archetype,부활,Resurrection,Résurrection,Resurrezione,Resurrección,復活,Ανάσταση,复活,复活,Воскрешение,Ressurreição,Wskrzeszenie,Auferstehung
card.joan_of_arc.divine_providence.name,신의 섭리,Divine Providence,Providence divine,Provvidenza divina,Providencia divina,神の摂理,Θεία Πρόνοια,神之摄理,神之摄理,Божественное провидение,Providência Divina,Boska Opatrzność,Göttliche Vorsehung
card.joan_of_arc.divine_providence.archetype,부활,Resurrection,Résurrection,Resurrezione,Resurrección,復活,Ανάσταση,复活,复活,Воскрешение,Ressurreição,Wskrzeszenie,Auferstehung
card.joan_of_arc.small_sacrifice.name,작은 희생,Small Sacrifice,Petit sacrifice,Piccolo sacrificio,Pequeño sacrificio,小さな犠牲,Μικρή Θυσία,微小的牺牲,微小的牺牲,Малая жертва,Pequeno Sacrifício,Małe Poświęcenie,Kleines Opfer
card.joan_of_arc.small_sacrifice.archetype,순교,Martyrdom,Martyre,Martirio,Martirio,殉教,Μαρτύριο,殉教,殉教,Мученичество,Martírio,Męczeństwo,Märtyrertum
card.joan_of_arc.sacrifice_cry.name,희생의 함성,Sacrifice Cry,Cri de sacrifice,Grido di sacrificio,Grito de sacrificio,犠牲の叫び,Κραυγή Θυσίας,牺牲之吼,牺牲之吼,Крик жертвы,Grito do Sacrifício,Krzyk Ofiary,Opfer-Schrei
card.joan_of_arc.sacrifice_cry.archetype,순교,Martyrdom,Martyre,Martirio,Martirio,殉教,Μαρτύριο,殉教,殉教,Мученичество,Martírio,Męczeństwo,Märtyrertum
card.joan_of_arc.angel_wings.name,천사의 날개,Angel Wings,Ailes d'ange,Ali d'angelo,Alas de ángel,天使の翼,Φτερά Αγγέλου,天使之翼,天使之翼,Крылья ангела,Asas de Anjo,Skrzydła Anioła,Engelsflügel
card.joan_of_arc.angel_wings.archetype,축복,Blessing,Bénédiction,Benedizione,Bendición,祝福,Ευλογία,祝福,祝福,Благословение,Bênção,Błogosławieństwo,Segen
card.joan_of_arc.second_chance.name,두 번째 기회,Second Chance,Deuxième chance,Seconda occasione,Segunda oportunidad,二度目の機会,Δεύτερη Ευκαιρία,第二次机会,第二次机会,Второй шанс,Segunda Chance,Druga Szansa,Zweite Chance
card.joan_of_arc.second_chance.archetype,부활,Resurrection,Résurrection,Resurrezione,Resurrección,復活,Ανάσταση,复活,复活,Воскрешение,Ressurreição,Wskrzeszenie,Auferstehung
card.joan_of_arc.revive_scroll.name,부활의 서,Revive Scroll,Parchemin de résurrection,Pergamena della rinascita,Pergamino de resurrección,復活の書,Πάπυρος Αναβίωσης,复活之书,复活之书,Свиток воскрешения,Pergaminho de Reviver,Zwój Wskrzeszenia,Wiederbelebungs-Rolle
card.joan_of_arc.revive_scroll.archetype,부활,Resurrection,Résurrection,Resurrezione,Resurrección,復活,Ανάσταση,复活,复活,Воскрешение,Ressurreição,Wskrzeszenie,Auferstehung
card.joan_of_arc.light_of_hope.name,희망의 빛,Light of Hope,Lumière d'espoir,Luce di speranza,Luz de esperanza,希望の光,Φως της Ελπίδας,希望之光,希望之光,Свет надежды,Luz da Esperança,Światło Nadziei,Licht der Hoffnung
card.joan_of_arc.light_of_hope.archetype,부활,Resurrection,Résurrection,Resurrezione,Resurrección,復活,Ανάσταση,复活,复活,Воскрешение,Ressurreição,Wskrzeszenie,Auferstehung
card.joan_of_arc.holy_charge.name,신성 충전,Holy Charge,Charge sacrée,Carica sacra,Carga sagrada,神聖充電,Θεία Φόρτιση,神圣充能,神圣充能,Святая атака,Carga Sagrada,Święta Szarża,Heiliger Angriff
card.joan_of_arc.holy_charge.archetype,부활,Resurrection,Résurrection,Resurrezione,Resurrección,復活,Ανάσταση,复活,复活,Воскрешение,Ressurreição,Wskrzeszenie,Auferstehung
card.joan_of_arc.blade_of_justice.name,정의의 칼날,Blade of Justice,Lame de justice,Lama della giustizia,Hoja de justicia,正義の刃,Λεπίδα της Δικαιοσύνης,正义之刃,正义之刃,Клинок справедливости,Lâmina da Justiça,Ostrze Sprawiedliwości,Klinge der Gerechtigkeit
card.joan_of_arc.blade_of_justice.archetype,순교,Martyrdom,Martyre,Martirio,Martirio,殉教,Μαρτύριο,殉教,殉教,Мученичество,Martírio,Męczeństwo,Märtyrertum
card.joan_of_arc.martyrdom_steps.name,순교의 발걸음,Martyrdom Steps,Pas du martyre,Passi del martirio,Pasos del martirio,殉教の足音,Βήματα Μαρτυρίου,殉教脚步,殉教脚步,Шаги мученика,Passos do Martírio,Kroki Męczeństwa,Schritte des Märtyrertums
card.joan_of_arc.martyrdom_steps.archetype,순교,Martyrdom,Martyre,Martirio,Martirio,殉教,Μαρτύριο,殉教,殉教,Мученичество,Martírio,Męczeństwo,Märtyrertum
card.joan_of_arc.altar_flame.name,제단의 불꽃,Altar Flame,Flamme de l'autel,Fiamma dell'altare,Llama del altar,祭壇の炎,Φλόγα του Βωμού,祭坛之火,祭坛之火,Алтарное пламя,Chama do Altar,Płomień Ołtarza,Altar-Flamme
card.joan_of_arc.altar_flame.archetype,순교,Martyrdom,Martyre,Martirio,Martirio,殉教,Μαρτύριο,殉教,殉教,Мученичество,Martírio,Męczeństwo,Märtyrertum
card.joan_of_arc.holy_rage.name,신성한 격노,Holy Rage,Rage sacrée,Rabbia sacra,Ira sagrada,神聖な激怒,Θεία Μανία,神圣激怒,神圣激怒,Святая ярость,Raiva Sagrada,Święta Wściekłość,Heilige Wut
card.joan_of_arc.holy_rage.archetype,순교,Martyrdom,Martyre,Martirio,Martirio,殉教,Μαρτύριο,殉教,殉教,Мученичество,Martírio,Męczeństwo,Märtyrertum
card.joan_of_arc.holy_purification.name,신성한 정화,Holy Purification,Purification sacrée,Purificazione sacra,Purificación sagrada,神聖な浄化,Θείος Εξαγνισμός,神圣净化,神圣净化,Святое очищение,Purificação Sagrada,Święte Oczyszczenie,Heilige Reinigung
card.joan_of_arc.holy_purification.archetype,정화,Purification,Purification,Purificazione,Purificación,浄化,Εξαγνισμός,净化,淨化,Очищение,Purificação,Oczyszczenie,Reinigung
card.joan_of_arc.knights_guard.name,기사의 수호,Knight's Guard,Garde du chevalier,Guardia del cavaliere,Guardia del caballero,騎士の守護,Φρουρά του Ιππότη,骑士守护,骑士守护,Стража рыцаря,Guarda do Cavaleiro,Straż Rycerza,Ritter-Wache
card.joan_of_arc.knights_guard.archetype,부활,Resurrection,Résurrection,Resurrezione,Resurrección,復活,Ανάσταση,复活,复活,Воскрешение,Ressurreição,Wskrzeszenie,Auferstehung
card.joan_of_arc.martyrs_legacy.name,순교자의 유산,Martyr's Legacy,Héritage du martyr,Eredità del martire,Legado del mártir,殉教者の遺産,Κληρονομιά του Μάρτυρα,殉教者遗产,殉教者遗产,Наследие мученика,Legado do Mártir,Spuścizna Męczennika,Erbe des Märtyrers
card.joan_of_arc.martyrs_legacy.archetype,부활,Resurrection,Résurrection,Resurrezione,Resurrección,復活,Ανάσταση,复活,复活,Воскрешение,Ressurreição,Wskrzeszenie,Auferstehung
card.joan_of_arc.revive_ritual.name,부활의 의식,Revive Ritual,Rituel de résurrection,Rituale di rinascita,Ritual de resurrección,復活の儀式,Τελετουργικό Αναβίωσης,复活仪式,复活仪式,Ритуал воскрешения,Ritual de Reviver,Rytuał Wskrzeszenia,Wiederbelebungs-Ritual
card.joan_of_arc.revive_ritual.archetype,부활,Resurrection,Résurrection,Resurrezione,Resurrección,復活,Ανάσταση,复活,复活,Воскрешение,Ressurreição,Wskrzeszenie,Auferstehung
card.joan_of_arc.miracle_chain.name,기적의 연쇄,Miracle Chain,Chaîne de miracles,Catena di miracoli,Cadena de milagros,奇跡の連鎖,Αλυσίδα Θαυμάτων,奇迹连锁,奇迹连锁,Цепь чудес,Corrente de Milagres,Łańcuch Cudów,Wunder-Kette
card.joan_of_arc.miracle_chain.archetype,부활,Resurrection,Résurrection,Resurrezione,Resurrección,復活,Ανάσταση,复活,复活,Воскрешение,Ressurreição,Wskrzeszenie,Auferstehung
card.joan_of_arc.last_shield.name,최후의 방패,Last Shield,Dernier bouclier,Ultimo scudo,Último escudo,最後の盾,Έσχατη Ασπίδα,最后之盾,最后之盾,Последний щит,Último Escudo,Ostatnia Tarcza,Letzter Schild
card.joan_of_arc.last_shield.archetype,순교,Martyrdom,Martyre,Martirio,Martirio,殉教,Μαρτύριο,殉教,殉教,Мученичество,Martírio,Męczeństwo,Märtyrertum
card.joan_of_arc.purifying_sacrifice.name,정화의 희생,Purifying Sacrifice,Sacrifice purificateur,Sacrificio purificatore,Sacrificio purificador,浄化の犠牲,Θυσία Εξαγνισμού,净化牺牲,净化牺牲,Очищающая жертва,Sacrifício Purificador,Oczyszczające Poświęcenie,Reinigendes Opfer
card.joan_of_arc.purifying_sacrifice.archetype,순교,Martyrdom,Martyre,Martirio,Martirio,殉教,Μαρτύριο,殉教,殉教,Мученичество,Martírio,Męczeństwo,Märtyrertum
card.joan_of_arc.saints_vow.name,성녀의 맹약,Saint's Vow,Voeu de la sainte,Voto della santa,Voto de la santa,聖女の盟約,Όρκος της Αγίας,圣女盟约,聖女盟約,Обет святой,Voto da Santa,Ślub Świętej,Gelübde der Heiligen
card.joan_of_arc.saints_vow.archetype,순교,Martyrdom,Martyre,Martirio,Martirio,殉教,Μαρτύριο,殉教,殉教,Мученичество,Martírio,Męczeństwo,Märtyrertum
card.joan_of_arc.joan_return.name,성녀의 귀환,the Saint's Return,Retour de la Sainte,Ritorno di la Santa,Regreso de la Santa,聖女の帰還,Επιστροφή της Αγίας,圣女回归,聖女回归,Возвращение Святой,Retorno da Santa,Powrót Świętej,Rückkehr der Heiligen
card.joan_of_arc.joan_return.archetype,부활,Resurrection,Résurrection,Resurrezione,Resurrección,復活,Ανάσταση,复活,复活,Воскрешение,Ressurreição,Wskrzeszenie,Auferstehung
card.joan_of_arc.holy_war.name,성전,Holy War,Guerre sainte,Guerra santa,Guerra santa,聖戦,Ιερός Πόλεμος,圣战,圣战,Святая война,Guerra Santa,Święta Wojna,Heiliger Krieg
card.joan_of_arc.holy_war.archetype,순교,Martyrdom,Martyre,Martirio,Martirio,殉教,Μαρτύριο,殉教,殉教,Мученичество,Martírio,Męczeństwo,Märtyrertum
card.genghis_khan.strike.name,스트라이크,Strike,Frappe,Colpo,Golpe,ストライク,Χτύπημα,打击,打击,Удар,Golpe,Cios,Schlag
card.genghis_khan.strike.archetype,기동,Mobility,Mobilité,Mobilità,Movilidad,機動,Κινητικότητα,机动,机动,Подвижность,Mobilidade,Mobilność,Mobilität
card.genghis_khan.defend.name,디펜드,Defend,Défense,Difesa,Defensa,ディフェンド,Άμυνα,防御,防御,Защита,Defesa,Obrona,Verteidigung
card.genghis_khan.defend.archetype,기동,Mobility,Mobilité,Mobilità,Movilidad,機動,Κινητικότητα,机动,机动,Подвижность,Mobilidade,Mobilność,Mobilität
card.genghis_khan.cavalry_charge.name,기마 돌격,Cavalry Charge,Charge de cavalerie,Carica di cavalleria,Carga de caballería,騎馬突撃,Έφοδος Ιππικού,骑马突击,骑马突击,Атака кавалерии,Carga da Cavalaria,Szarża Kawalerii,Kavallerie-Angriff
card.genghis_khan.horse_thrust.name,기마 돌격,Horse Thrust,Charge du cheval,Carica del cavallo,Embestida del caballo,馬突撃,Ώθηση Αλόγου,战马冲刺,战马冲刺,Удар коня,Estocada Equestre,Pchnięcie Konia,Pferde-Stoß
card.genghis_khan.horse_thrust.archetype,기동,Mobility,Mobilité,Mobilità,Movilidad,機動,Κινητικότητα,机动,机动,Подвижность,Mobilidade,Mobilność,Mobilität
card.genghis_khan.rider_call.name,기마 소환,Rider Call,Appel du cavalier,Richiamo del cavaliere,Llamada del jinete,騎兵召喚,Κλήση Αναβάτη,骑兵召唤,骑兵召唤,Зов всадника,Chamado do Cavaleiro,Wezwanie Jeźdźca,Reiter-Ruf
card.genghis_khan.rider_call.archetype,몽골 기병,Mongol Cavalry,Cavalerie mongole,Cavalleria mongola,Caballería mongola,モンゴル騎兵,Μογγολικό Ιππικό,蒙古骑兵,蒙古骑兵,Монгольская конница,Cavalaria Mongol,Mongolska Kawaleria,Mongolische Kavallerie
card.genghis_khan.cavalry_charge.archetype,몽골 기병,Mongol Cavalry,Cavalerie mongole,Cavalleria mongola,Caballería mongola,モンゴル騎兵,Μογγολικό Ιππικό,蒙古骑兵,蒙古骑兵,Монгольская конница,Cavalaria Mongol,Mongolska Kawaleria,Mongolische Kavallerie
card.genghis_khan.scout.name,정찰,Scout,Éclaireur,Esploratore,Explorador,偵察,Αναγνώριση,侦察,侦察,Разведчик,Batedor,Zwiadowca,Späher
card.genghis_khan.scout.archetype,기동,Mobility,Mobilité,Mobilità,Movilidad,機動,Κινητικότητα,机动,机动,Подвижность,Mobilidade,Mobilność,Mobilität
card.genghis_khan.arrow_volley.name,화살 세례,Arrow Volley,Volée de flèches,Volata di frecce,Volea de flechas,矢の洗礼,Ομοβροντία Βελών,箭雨,箭雨,Залп стрел,Salva de Flechas,Salwa Strzał,Pfeilsalve
card.genghis_khan.arrow_volley.archetype,몽골 기병,Mongol Cavalry,Cavalerie mongole,Cavalleria mongola,Caballería mongola,モンゴル騎兵,Μογγολικό Ιππικό,蒙古骑兵,蒙古骑兵,Монгольская конница,Cavalaria Mongol,Mongolska Kawaleria,Mongolische Kavallerie
card.genghis_khan.ambush.name,기습,Ambush,Embuscade,Imboscata,Emboscada,奇襲,Ενέδρα,奇袭,奇袭,Засада,Emboscada,Zasadzka,Hinterhalt
card.genghis_khan.ambush.archetype,기동,Mobility,Mobilité,Mobilità,Movilidad,機動,Κινητικότητα,机动,机动,Подвижность,Mobilidade,Mobilność,Mobilität
card.genghis_khan.supply_cut.name,보급선 차단,Supply Cut,Coupure de ravitaillement,Taglio dei rifornimenti,Corte de suministros,補給線遮断,Διακοπή Εφοδιασμού,切断补给线,切断补给线,Перерез снабжения,Corte de Suprimentos,Odcięcie Zaopatrzenia,Nachschub abschneiden
card.genghis_khan.supply_cut.archetype,기동,Mobility,Mobilité,Mobilità,Movilidad,機動,Κινητικότητα,机动,机动,Подвижность,Mobilidade,Mobilność,Mobilität
card.genghis_khan.encirclement.name,포위 전술,Encirclement,Encerclement,Accerchiamento,Cercado,包囲戦術,Τακτική Κύκλωσης,包围战术,包围战术,Окружение,Cerco,Okrążenie,Einkesselung
card.genghis_khan.encirclement.archetype,몽골 기병,Mongol Cavalry,Cavalerie mongole,Cavalleria mongola,Caballería mongola,モンゴル騎兵,Μογγολικό Ιππικό,蒙古骑兵,蒙古骑兵,Монгольская конница,Cavalaria Mongol,Mongolska Kawaleria,Mongolische Kavallerie
card.genghis_khan.mingens_order.name,천호장의 령,Mingan's Order,Ordre du Mingan,Ordine del Mingan,Orden de Mingan,千戸長の令,Διαταγή του Μινγκάν,千户长之令,千户长之令,Приказ Мингана,Ordem de Mingan,Rozkaz Mingana,Mingans Befehl
card.genghis_khan.mingens_order.archetype,기동,Mobility,Mobilité,Mobilità,Movilidad,機動,Κινητικότητα,机动,机动,Подвижность,Mobilidade,Mobilność,Mobilität
card.genghis_khan.poison_arrow.name,독화살,Poison Arrow,Flèche empoisonnée,Freccia avvelenata,Flecha venenosa,毒矢,Δηλητηριώδες Βέλος,毒箭,毒箭,Ядовитая стрела,Flecha Envenenada,Trująca Strzała,Giftpfeil
card.genghis_khan.poison_arrow.archetype,몽골 기병,Mongol Cavalry,Cavalerie mongole,Cavalleria mongola,Caballería mongola,モンゴル騎兵,Μογγολικό Ιππικό,蒙古骑兵,蒙古骑兵,Монгольская конница,Cavalaria Mongol,Mongolska Kawaleria,Mongolische Kavallerie
card.genghis_khan.steppe_storm.name,초원의 폭풍,Steppe Storm,Tempête de la steppe,Tempesta della steppa,Tormenta de la estepa,草原の嵐,Καταιγίδα της Στέπας,草原风暴,草原风暴,Степная буря,Tempestade da Estepe,Burza Stepu,Steppen-Sturm
card.genghis_khan.steppe_storm.archetype,몽골 기병,Mongol Cavalry,Cavalerie mongole,Cavalleria mongola,Caballería mongola,モンゴル騎兵,Μογγολικό Ιππικό,蒙古骑兵,蒙古骑兵,Монгольская конница,Cavalaria Mongol,Mongolska Kawaleria,Mongolische Kavallerie
card.genghis_khan.conquerors_ambition.name,정복자의 야망,Conqueror's Ambition,Ambition du conquérant,Ambizione del conquistatore,Ambición del conquistador,征服者の野望,Φιλοδοξία του Κατακτητή,征服者的野心,征服者的野心,Амбиции завоевателя,Ambição do Conquistador,Ambicja Zdobywcy,Ehrgeiz des Eroberers
card.genghis_khan.conquerors_ambition.archetype,약탈,Plunder,Pillage,Saccheggio,Saqueo,略奪,Λεηλασία,掠夺,掠夺,Грабёж,Pilhagem,Grabież,Plünderung
card.genghis_khan.long_march.name,만리 원정,Long March,Longue marche,Lunga marcia,Larga marcha,万里の遠征,Μεγάλη Πορεία,万里远征,万里远征,Длинный марш,Marcha Longa,Długi Marsz,Langer Marsch
card.genghis_khan.long_march.archetype,기동,Mobility,Mobilité,Mobilità,Movilidad,機動,Κινητικότητα,机动,机动,Подвижность,Mobilidade,Mobilność,Mobilität
card.genghis_khan.great_khans_command.name,대칸의 명령,Great Khan's Command,Commandement du Grand Khan,Comando del Gran Khan,Mando del Gran Khan,大ハンの命令,Διαταγή του Μεγάλου Χαν,大汗的命令,大汗的命令,Приказ Великого хана,Comando do Grande Khan,Rozkaz Wielkiego Chana,Befehl des Großkhans
card.genghis_khan.great_khans_command.archetype,기동,Mobility,Mobilité,Mobilità,Movilidad,機動,Κινητικότητα,机动,机动,Подвижность,Mobilidade,Mobilność,Mobilität
card.genghis_khan.genghis_fury.name,징기스의 분노,the Conqueror' Fury,Fureur de le Conquérant,Furia di il Conquistatore,Furia de el Conquistador,征服者の憤怒,Οργή του Κατακτητής,征服者之怒,征服者之怒,Ярость Завоевателя,Fúria do Conquistador,Furia Zdobywcy,Zorn des Eroberers
card.genghis_khan.genghis_fury.archetype,기동,Mobility,Mobilité,Mobilità,Movilidad,機動,Κινητικότητα,机动,机动,Подвижность,Mobilidade,Mobilność,Mobilität
card.genghis_khan.light_cavalry_sprint.name,경기병 질주,Light Cavalry Sprint,Sprint de la cavalerie légère,Sprint della cavalleria leggera,Sprint de caballería ligera,軽騎兵疾走,Ταχεία Έφοδος Ελαφρού Ιππικού,轻骑兵疾驰,轻骑兵疾驰,Спринт лёгкой кавалерии,Corrida da Cavalaria Leve,Sprint Lekkiej Kawalerii,Spurt der leichten Kavallerie
card.genghis_khan.light_cavalry_sprint.archetype,기동,Mobility,Mobilité,Mobilità,Movilidad,機動,Κινητικότητα,机动,机动,Подвижность,Mobilidade,Mobilność,Mobilität
card.genghis_khan.swift_raid.name,급습,Swift Raid,Raid rapide,Incursione rapida,Incursión rápida,急襲,Ταχεία Επιδρομή,急袭,急袭,Быстрый набег,Ataque Veloz,Szybki Najazd,Schneller Überfall
card.genghis_khan.swift_raid.archetype,기동,Mobility,Mobilité,Mobilità,Movilidad,機動,Κινητικότητα,机动,机动,Подвижность,Mobilidade,Mobilność,Mobilität
card.genghis_khan.loot.name,노획,Loot,Butin,Bottino,Botín,捕獲,Λάφυρα,虏获,虏获,Добыча,Saque,Łup,Beute
card.genghis_khan.loot.archetype,약탈,Plunder,Pillage,Saccheggio,Saqueo,略奪,Λεηλασία,掠夺,掠夺,Грабёж,Pilhagem,Grabież,Plünderung
card.genghis_khan.victory_spoils.name,승리의 전리품,Victory Spoils,Butin de victoire,Bottino di vittoria,Botín de victoria,勝利の戦利品,Λάφυρα Νίκης,胜利战利品,胜利战利品,Трофеи победы,Despojos da Vitória,Łupy Zwycięstwa,Sieges-Beute
card.genghis_khan.victory_spoils.archetype,약탈,Plunder,Pillage,Saccheggio,Saqueo,略奪,Λεηλασία,掠夺,掠夺,Грабёж,Pilhagem,Grabież,Plünderung
card.genghis_khan.cavalry_assault.name,기병대 습격,Cavalry Assault,Assaut de cavalerie,Assalto di cavalleria,Asalto de caballería,騎兵隊襲撃,Επίθεση Ιππικού,骑兵队突袭,骑兵队突袭,Кавалерийский штурм,Assalto da Cavalaria,Szturm Kawalerii,Kavallerie-Sturm
card.genghis_khan.cavalry_assault.archetype,몽골 기병,Mongol Cavalry,Cavalerie mongole,Cavalleria mongola,Caballería mongola,モンゴル騎兵,Μογγολικό Ιππικό,蒙古骑兵,蒙古骑兵,Монгольская конница,Cavalaria Mongol,Mongolska Kawaleria,Mongolische Kavallerie
card.genghis_khan.rear_disruption.name,후방 교란,Rear Disruption,Perturbation arrière,Disturbo alle retrovie,Disrupción trasera,後方撹乱,Αναταραχή στα Μετόπισθεν,后方骚扰,后方骚扰,Прорыв в тыл,Disrupção de Retaguarda,Zakłócenie Tyłów,Hinterland-Störung
card.genghis_khan.rear_disruption.archetype,몽골 기병,Mongol Cavalry,Cavalerie mongole,Cavalleria mongola,Caballería mongola,モンゴル騎兵,Μογγολικό Ιππικό,蒙古骑兵,蒙古骑兵,Монгольская конница,Cavalaria Mongol,Mongolska Kawaleria,Mongolische Kavallerie
card.genghis_khan.cavalry_crossing.name,기마 도하,Cavalry Crossing,Traversée à cheval,Attraversamento a cavallo,Cruce a caballo,騎馬渡河,Διάβαση Ιππικού,骑马渡河,骑马渡河,Переход кавалерии,Travessia da Cavalaria,Przejście Kawalerii,Kavallerie-Überquerung
card.genghis_khan.cavalry_crossing.archetype,기동,Mobility,Mobilité,Mobilità,Movilidad,機動,Κινητικότητα,机动,机动,Подвижность,Mobilidade,Mobilność,Mobilität
card.genghis_khan.lightning_sprint.name,낙뢰 질주,Lightning Sprint,Sprint éclair,Sprint fulmineo,Sprint relámpago,落雷疾走,Ταχύτητα Αστραπής,落雷疾驰,落雷疾驰,Молниеносный спринт,Corrida Relâmpago,Błyskawiczny Sprint,Blitz-Spurt
card.genghis_khan.lightning_sprint.archetype,기동,Mobility,Mobilité,Mobilità,Movilidad,機動,Κινητικότητα,机动,机动,Подвижность,Mobilidade,Mobilność,Mobilität
card.genghis_khan.execution_ground.name,처형대,Execution Ground,Lieu d'exécution,Luogo d'esecuzione,Patíbulo,処刑台,Τόπος Εκτέλεσης,处刑台,处刑台,Поле казни,Terreno de Execução,Plac Egzekucji,Hinrichtungsplatz
card.genghis_khan.execution_ground.archetype,약탈,Plunder,Pillage,Saccheggio,Saqueo,略奪,Λεηλασία,掠夺,掠夺,Грабёж,Pilhagem,Grabież,Plünderung
card.genghis_khan.spoils_distribution.name,전리품 배분,Spoils Distribution,Distribution du butin,Distribuzione del bottino,Distribución de botín,戦利品配分,Διανομή Λαφύρων,战利品分配,战利品分配,Раздел трофеев,Distribuição de Despojos,Podział Łupów,Beuteverteilung
card.genghis_khan.spoils_distribution.archetype,약탈,Plunder,Pillage,Saccheggio,Saqueo,略奪,Λεηλασία,掠夺,掠夺,Грабёж,Pilhagem,Grabież,Plünderung
card.genghis_khan.plunder_flame.name,약탈의 불길,Plunder Flame,Flamme du pillage,Fiamma del saccheggio,Llama de saqueo,略奪の炎,Φλόγα της Λεηλασίας,掠夺之火,掠夺之火,Пламя грабежа,Chama da Pilhagem,Płomień Grabieży,Plünderungs-Flamme
card.genghis_khan.plunder_flame.archetype,약탈,Plunder,Pillage,Saccheggio,Saqueo,略奪,Λεηλασία,掠夺,掠夺,Грабёж,Pilhagem,Grabież,Plünderung
card.genghis_khan.rapid_fire.name,연사,Rapid Fire,Tir rapide,Fuoco rapido,Fuego rápido,連射,Ταχεία Πυροδότηση,连射,连射,Скорострельная стрельба,Fogo Rápido,Szybki Ostrzał,Schnellfeuer
card.genghis_khan.rapid_fire.archetype,몽골 기병,Mongol Cavalry,Cavalerie mongole,Cavalleria mongola,Caballería mongola,モンゴル騎兵,Μογγολικό Ιππικό,蒙古骑兵,蒙古骑兵,Монгольская конница,Cavalaria Mongol,Mongolska Kawaleria,Mongolische Kavallerie
card.genghis_khan.wind_legion.name,바람의 군단,Wind Legion,Légion du vent,Legione del vento,Legión del viento,風の軍団,Λεγεώνα του Ανέμου,风之军团,风之军团,Ветреный легион,Legião do Vento,Legion Wiatru,Wind-Legion
card.genghis_khan.wind_legion.archetype,몽골 기병,Mongol Cavalry,Cavalerie mongole,Cavalleria mongola,Caballería mongola,モンゴル騎兵,Μογγολικό Ιππικό,蒙古骑兵,蒙古骑兵,Монгольская конница,Cavalaria Mongol,Mongolska Kawaleria,Mongolische Kavallerie
card.genghis_khan.cavalry_encirclement.name,기병 포위망,Cavalry Encirclement,Encerclement de cavalerie,Accerchiamento di cavalleria,Cerco de caballería,騎兵包囲網,Κυκλωτική Κίνηση Ιππικού,骑兵包围网,骑兵包围网,Окружение кавалерии,Cerco da Cavalaria,Okrążenie Kawalerii,Kavallerie-Einkesselung
card.genghis_khan.cavalry_encirclement.archetype,몽골 기병,Mongol Cavalry,Cavalerie mongole,Cavalleria mongola,Caballería mongola,モンゴル騎兵,Μογγολικό Ιππικό,蒙古骑兵,蒙古骑兵,Монгольская конница,Cavalaria Mongol,Mongolska Kawaleria,Mongolische Kavallerie
card.genghis_khan.iron_breakthrough.name,무간 돌파,Iron Breakthrough,Percée de fer,Svolta di ferro,Ruptura de hierro,無間突破,Σιδερένια Διάσπαση,无间突破,无间突破,Железный прорыв,Avanço de Ferro,Żelazny Przełom,Eiserner Durchbruch
card.genghis_khan.iron_breakthrough.archetype,몽골 기병,Mongol Cavalry,Cavalerie mongole,Cavalleria mongola,Caballería mongola,モンゴル騎兵,Μογγολικό Ιππικό,蒙古骑兵,蒙古骑兵,Монгольская конница,Cavalaria Mongol,Mongolska Kawaleria,Mongolische Kavallerie
card.genghis_khan.desert_cavalry.name,사막 기마,Desert Cavalry,Cavalerie du désert,Cavalleria del deserto,Caballería del desierto,砂漠騎馬,Ιππικό της Ερήμου,沙漠骑马,沙漠骑马,Пустынная кавалерия,Cavalaria do Deserto,Pustynna Kawaleria,Wüsten-Kavallerie
card.genghis_khan.desert_cavalry.archetype,기동,Mobility,Mobilité,Mobilità,Movilidad,機動,Κινητικότητα,机动,机动,Подвижность,Mobilidade,Mobilność,Mobilität
card.genghis_khan.territory_expansion.name,영토 확장,Territory Expansion,Expansion de territoire,Espansione del territorio,Expansión de territorio,領土拡張,Επέκταση Εδαφών,领土扩张,领土扩张,Расширение территории,Expansão de Território,Ekspansja Terytorium,Territoriums-Ausdehnung
card.genghis_khan.territory_expansion.archetype,약탈,Plunder,Pillage,Saccheggio,Saqueo,略奪,Λεηλασία,掠夺,掠夺,Грабёж,Pilhagem,Grabież,Plünderung
card.genghis_khan.red_horizon.name,붉은 지평선,Red Horizon,Horizon rouge,Orizzonte rosso,Horizonte rojo,赤い地平線,Κόκκινος Ορίζοντας,红色地平线,红色地平线,Красный горизонт,Horizonte Vermelho,Czerwony Horyzont,Roter Horizont
card.genghis_khan.red_horizon.archetype,기동,Mobility,Mobilité,Mobilità,Movilidad,機動,Κινητικότητα,机动,机动,Подвижность,Mobilidade,Mobilność,Mobilität
card.genghis_khan.genghis_territory.name,징기스의 영토,the Conqueror' Territory,Territoire de le Conquérant,Territorio di il Conquistatore,Territorio de el Conquistador,征服者の領土,Εδάφη του Κατακτητής,征服者的领土,征服者的领土,Территория Завоевателя,Território do Conquistador,Terytorium Zdobywcy,Eroberer-Gebiet
card.genghis_khan.genghis_territory.archetype,약탈,Plunder,Pillage,Saccheggio,Saqueo,略奪,Λεηλασία,掠夺,掠夺,Грабёж,Pilhagem,Grabież,Plünderung
card.genghis_khan.submission.name,굴복,Submission,Soumission,Sottomissione,Sumisión,屈服,Υποταγή,屈服,屈服,Покорение,Submissão,Poddanie,Unterwerfung
card.genghis_khan.submission.archetype,약탈,Plunder,Pillage,Saccheggio,Saqueo,略奪,Λεηλασία,掠夺,掠夺,Грабёж,Pilhagem,Grabież,Plünderung
card.genghis_khan.poison_arrow_rain.name,독 화살비,Poison Arrow Rain,Pluie de flèches empoisonnées,Pioggia di frecce avvelenate,Lluvia de flechas venenosas,毒矢の雨,Βροχή Δηλητηριωδών Βελών,毒箭雨,毒箭雨,Дождь ядовитых стрел,Chuva de Flechas Envenenadas,Deszcz Trujących Strzał,Giftpfeil-Regen
card.genghis_khan.poison_arrow_rain.archetype,몽골 기병,Mongol Cavalry,Cavalerie mongole,Cavalleria mongola,Caballería mongola,モンゴル騎兵,Μογγολικό Ιππικό,蒙古骑兵,蒙古骑兵,Монгольская конница,Cavalaria Mongol,Mongolska Kawaleria,Mongolische Kavallerie
card.genghis_khan.thousand_mile_army.name,천리 원정군,Thousand Mile Army,Armée des mille lieues,Esercito delle mille miglia,Ejército de mil millas,千里遠征軍,Στρατός των Χιλίων Μιλίων,千里远征军,千里远征军,Тысячемильная армия,Exército de Mil Milhas,Tysiącmilowa Armia,Tausend-Meilen-Armee
card.genghis_khan.thousand_mile_army.archetype,몽골 기병,Mongol Cavalry,Cavalerie mongole,Cavalleria mongola,Caballería mongola,モンゴル騎兵,Μογγολικό Ιππικό,蒙古骑兵,蒙古骑兵,Монгольская конница,Cavalaria Mongol,Mongolska Kawaleria,Mongolische Kavallerie
card.genghis_khan.steppe_terror.name,대초원의 위협,Steppe Terror,Terreur de la steppe,Terrore della steppa,Terror de la estepa,大草原の脅威,Τρόμος της Στέπας,大草原的威胁,大草原的威胁,Степной террор,Terror da Estepe,Terror Stepu,Steppen-Schrecken
card.genghis_khan.steppe_terror.archetype,몽골 기병,Mongol Cavalry,Cavalerie mongole,Cavalleria mongola,Caballería mongola,モンゴル騎兵,Μογγολικό Ιππικό,蒙古骑兵,蒙古骑兵,Монгольская конница,Cavalaria Mongol,Mongolska Kawaleria,Mongolische Kavallerie
card.genghis_khan.war_tribute.name,전쟁의 대가,War Tribute,Tribut de guerre,Tributo di guerra,Tributo de guerra,戦争の代価,Φόρος Πολέμου,战争的代价,战争的代价,Военная дань,Tributo de Guerra,Wojenna Danina,Kriegs-Tribut
card.genghis_khan.war_tribute.archetype,약탈,Plunder,Pillage,Saccheggio,Saqueo,略奪,Λεηλασία,掠夺,掠夺,Грабёж,Pilhagem,Grabież,Plünderung
card.genghis_khan.great_steppe_siege.name,대초원의 포위,Great Steppe Siege,Siège de la grande steppe,Assedio della grande steppa,Asedio de la gran estepa,大草原の包囲,Πολιορκία της Μεγάλης Στέπας,大草原的围攻,大草原的围攻,Великая осада степи,Grande Cerco da Estepe,Wielkie Oblężenie Stepu,Große Steppen-Belagerung
card.genghis_khan.great_steppe_siege.archetype,약탈,Plunder,Pillage,Saccheggio,Saqueo,略奪,Λεηλασία,掠夺,掠夺,Грабёж,Pilhagem,Grabież,Plünderung
card.musashi.strike.name,스트라이크,Strike,Frappe,Colpo,Golpe,ストライク,Χτύπημα,打击,打击,Удар,Golpe,Cios,Schlag
card.musashi.strike.archetype,이도류,Dual Wield,Double maniement,Doppia impugnatura,Empuñadura doble,二刀流,Διπλή Λαβή,双刀流,双刀流,Два клинка,Empunhadura Dupla,Dwa Ostrza,Beidhändig
card.musashi.defend.name,디펜드,Defend,Défense,Difesa,Defensa,ディフェンド,Άμυνα,防御,防御,Защита,Defesa,Obrona,Verteidigung
card.musashi.defend.archetype,결투,Duel,Duel,Duello,Duelo,決闘,Μονομαχία,决斗,决斗,Дуэль,Duelo,Pojedynek,Duell
card.musashi.niten_slash.name,이도 베기,Niten Slash,Entaille Niten,Taglio Niten,Tajo Niten,二刀斬り,Χτύπημα Νίτεν,双刀斩,双刀斩,Рассекающий удар Нитэн,Corte Niten,Cięcie Niten,Niten-Hieb
card.musashi.niten_starter.name,이도 입문,Niten Starter,Introduction Niten,Introduzione Niten,Introducción Niten,二刀入門,Εισαγωγή Νίτεν,双刀入门,双刀入门,Начальная Нитэн,Início Niten,Początek Niten,Niten-Beginn
card.musashi.niten_starter.archetype,이도류,Dual Wield,Double maniement,Doppia impugnatura,Empuñadura doble,二刀流,Διπλή Λαβή,双刀流,双刀流,Два клинка,Empunhadura Dupla,Dwa Ostrza,Beidhändig
card.musashi.guard_stance.name,방어 자세,Guard Stance,Posture de garde,Postura di guardia,Postura de guardia,防御姿勢,Στάση Άμυνας,防御姿势,防御姿势,Защитная стойка,Postura de Guarda,Postawa Strażnika,Wachhaltung
card.musashi.guard_stance.archetype,결투,Duel,Duel,Duello,Duelo,決闘,Μονομαχία,决斗,决斗,Дуэль,Duelo,Pojedynek,Duell
card.musashi.niten_slash.archetype,이도류,Dual Wield,Double maniement,Doppia impugnatura,Empuñadura doble,二刀流,Διπλή Λαβή,双刀流,双刀流,Два клинка,Empunhadura Dupla,Dwa Ostrza,Beidhändig
card.musashi.sword_study.name,검기 수련,Sword Study,Étude de l'épée,Studio della spada,Estudio de la espada,剣気修練,Μελέτη του Σπαθιού,剑气修炼,剑气修炼,Изучение меча,Estudo da Espada,Studia Miecza,Schwert-Studium
card.musashi.sword_study.archetype,무심,Mushin,Mushin,Mushin,Mushin,無心,Μουσίν,无心,无心,Мушин,Mushin,Mushin,Mushin
card.musashi.two_sword_form.name,쌍도류 격,Two Sword Form,Forme à deux épées,Stile a due spade,Forma de dos espadas,双刀流撃,Μορφή Δύο Σπαθιών,双刀击,双刀击,Форма двух мечей,Forma das Duas Espadas,Forma Dwóch Mieczy,Form der Zwei Schwerter
card.musashi.two_sword_form.archetype,이도류,Dual Wield,Double maniement,Doppia impugnatura,Empuñadura doble,二刀流,Διπλή Λαβή,双刀流,双刀流,Два клинка,Empunhadura Dupla,Dwa Ostrza,Beidhändig
card.musashi.shield_break.name,방패 격파,Shield Break,Brise-bouclier,Rompiscudo,Rompeescudos,盾撃破,Θραύση Ασπίδας,破盾,破盾,Разлом щита,Quebra-Escudo,Łamacz Tarcz,Schild-Brecher
card.musashi.shield_break.archetype,결투,Duel,Duel,Duello,Duelo,決闘,Μονομαχία,决斗,决斗,Дуэль,Duelo,Pojedynek,Duell
card.musashi.meditation.name,명상,Meditation,Méditation,Meditazione,Meditación,瞑想,Διαλογισμός,冥想,冥想,Медитация,Meditação,Medytacja,Meditation
card.musashi.meditation.archetype,무심,Mushin,Mushin,Mushin,Mushin,無心,Μουσίν,无心,无心,Мушин,Mushin,Mushin,Mushin
card.musashi.blood_path.name,혈로 개척,Blood Path,Chemin de sang,Sentiero di sangue,Senda de sangre,血路開拓,Μονοπάτι Αίματος,血路开辟,血路开辟,Путь крови,Caminho de Sangue,Ścieżka Krwi,Blutpfad
card.musashi.blood_path.archetype,결투,Duel,Duel,Duello,Duelo,決闘,Μονομαχία,决斗,决斗,Дуэль,Duelo,Pojedynek,Duell
card.musashi.rapid_strike.name,연격,Rapid Strike,Frappe rapide,Colpo rapido,Golpe rápido,連撃,Ταχεία Επίθεση,连击,连击,Стремительный удар,Golpe Rápido,Szybki Cios,Schneller Schlag
card.musashi.rapid_strike.archetype,이도류,Dual Wield,Double maniement,Doppia impugnatura,Empuñadura doble,二刀流,Διπλή Λαβή,双刀流,双刀流,Два клинка,Empunhadura Dupla,Dwa Ostrza,Beidhändig
card.musashi.empty_state.name,무아지경,Empty State,État de vide,Stato di vuoto,Estado de vacío,無我夢中,Κατάσταση Κενού,无我之境,无我之境,Пустое состояние,Estado Vazio,Stan Pustki,Leerer Zustand
card.musashi.empty_state.archetype,무심,Mushin,Mushin,Mushin,Mushin,無心,Μουσίν,无心,无心,Мушин,Mushin,Mushin,Mushin
card.musashi.single_cut.name,일도양단,Single Cut,Coupe unique,Taglio singolo,Corte único,一刀両断,Μονό Χτύπημα,一刀两断,一刀两断,Единый рез,Corte Único,Pojedyncze Cięcie,Einzelhieb
card.musashi.single_cut.archetype,결투,Duel,Duel,Duello,Duelo,決闘,Μονομαχία,决斗,决斗,Дуэль,Duelo,Pojedynek,Duell
card.musashi.afterimage_cut.name,잔영 참,Afterimage Cut,Coupe d'image rémanente,Taglio dell'immagine residua,Corte de imagen residual,残影斬,Λεπίδα της Σκιάς,残影斩,殘影斬,Рез послеобраза,Corte da Imagem Pós,Cięcie Powidoku,Nachbild-Hieb
card.musashi.afterimage_cut.archetype,이도류,Dual Wield,Double maniement,Doppia impugnatura,Empuñadura doble,二刀流,Διπλή Λαβή,双刀流,双刀流,Два клинка,Empunhadura Dupla,Dwa Ostrza,Beidhändig
card.musashi.strategy_path.name,병법의 길,Strategy Path,Voie de la stratégie,Via della strategia,Senda de la estrategia,兵法の道,Μονοπάτι της Στρατηγικής,兵法之道,兵法之道,Путь стратегии,Caminho da Estratégia,Ścieżka Strategii,Strategie-Pfad
card.musashi.strategy_path.archetype,무심,Mushin,Mushin,Mushin,Mushin,無心,Μουσίν,无心,无心,Мушин,Mushin,Mushin,Mushin
card.musashi.five_rings_sword.name,오륜의 검,Five Rings Sword,Épée des cinq anneaux,Spada dei cinque anelli,Espada de los cinco anillos,五輪の剣,Σπαθί των Πέντε Δακτυλίων,五轮之剑,五轮之剑,Меч Пяти колец,Espada dos Cinco Anéis,Miecz Pięciu Pierścieni,Schwert der Fünf Ringe
card.musashi.five_rings_sword.archetype,이도류,Dual Wield,Double maniement,Doppia impugnatura,Empuñadura doble,二刀流,Διπλή Λαβή,双刀流,双刀流,Два клинка,Empunhadura Dupla,Dwa Ostrza,Beidhändig
card.musashi.mushin_blade.name,무심검(無心劍),Mushin Blade,Lame Mushin,Lama Mushin,Hoja Mushin,無心剣,Λεπίδα Μουσίν,无心剑,无心剑,Клинок Мушин,Lâmina Mushin,Ostrze Mushin,Mushin-Klinge
card.musashi.mushin_blade.archetype,무심,Mushin,Mushin,Mushin,Mushin,無心,Μουσίν,无心,无心,Мушин,Mushin,Mushin,Mushin
card.musashi.niten_slash2.name,이도 참격,Niten Slash,Entaille Niten,Taglio Niten,Tajo Niten,二刀斬撃,Χτύπημα Νίτεν,双刀斩击,双刀斩击,Рассекающий удар Нитэн,Corte Niten,Cięcie Niten,Niten-Hieb
card.musashi.niten_slash2.archetype,이도류,Dual Wield,Double maniement,Doppia impugnatura,Empuñadura doble,二刀流,Διπλή Λαβή,双刀流,双刀流,Два клинка,Empunhadura Dupla,Dwa Ostrza,Beidhändig
card.musashi.whirlwind_cut.name,선풍참,Whirlwind Cut,Coupe tourbillon,Taglio vorticoso,Corte torbellino,旋風斬,Χτύπημα Στροβίλου,旋风斩,旋风斩,Вихревой рез,Corte Vórtice,Cięcie Wichru,Wirbel-Hieb
card.musashi.whirlwind_cut.archetype,이도류,Dual Wield,Double maniement,Doppia impugnatura,Empuñadura doble,二刀流,Διπλή Λαβή,双刀流,双刀流,Два клинка,Empunhadura Dupla,Dwa Ostrza,Beidhändig
card.musashi.peak_aim.name,정점의 겨냥,Peak Aim,Visée suprême,Mira massima,Mira máxima,頂点の狙い,Στόχευση Κορυφής,顶点瞄准,顶点瞄准,Высшее прицеливание,Mira do Pico,Szczytowy Cel,Höchstes Zielen
card.musashi.peak_aim.archetype,결투,Duel,Duel,Duello,Duelo,決闘,Μονομαχία,决斗,决斗,Дуэль,Duelo,Pojedynek,Duell
card.musashi.courage.name,담력,Courage,Courage,Coraggio,Coraje,胆力,Θάρρος,胆识,胆识,Мужество,Coragem,Odwaga,Mut
card.musashi.courage.archetype,결투,Duel,Duel,Duello,Duelo,決闘,Μονομαχία,决斗,决斗,Дуэль,Duelo,Pojedynek,Duell
card.musashi.void_sword.name,공허의 검,Void Sword,Épée du vide,Spada del vuoto,Espada del vacío,空虚の剣,Σπαθί του Κενού,虚空之剑,虚空之剑,Меч пустоты,Espada do Vazio,Miecz Pustki,Leere-Schwert
card.musashi.void_sword.archetype,무심,Mushin,Mushin,Mushin,Mushin,無心,Μουσίν,无心,无心,Мушин,Mushin,Mushin,Mushin
card.musashi.release.name,내려놓음,Release,Relâchement,Rilascio,Liberación,解き放ち,Απελευθέρωση,放下,放下,Освобождение,Libertação,Uwolnienie,Befreiung
card.musashi.release.archetype,무심,Mushin,Mushin,Mushin,Mushin,無心,Μουσίν,无心,无心,Мушин,Mushin,Mushin,Mushin
card.musashi.sword_extreme.name,도류 극의,Sword Extreme,Extrême de l'épée,Estremo della spada,Extremo de la espada,刀流極意,Τελειότητα του Σπαθιού,刀流极意,刀流极意,Предел меча,Extremo da Espada,Ekstremum Miecza,Schwert-Extrem
card.musashi.sword_extreme.archetype,이도류,Dual Wield,Double maniement,Doppia impugnatura,Empuñadura doble,二刀流,Διπλή Λαβή,双刀流,双刀流,Два клинка,Empunhadura Dupla,Dwa Ostrza,Beidhändig
card.musashi.flying_swallow.name,비연참,Flying Swallow,Hirondelle volante,Rondine volante,Golondrina voladora,飛燕斬,Χτύπημα του Ιπτάμενου Χελιδονιού,飞燕斩,飞燕斩,Летящая ласточка,Andorinha Voadora,Lecąca Jaskółka,Fliegende Schwalbe
card.musashi.flying_swallow.archetype,이도류,Dual Wield,Double maniement,Doppia impugnatura,Empuñadura doble,二刀流,Διπλή Λαβή,双刀流,双刀流,Два клинка,Empunhadura Dupla,Dwa Ostrza,Beidhändig
card.musashi.asura_cut.name,수라 참,Asura Cut,Coupe d'Asura,Taglio di Asura,Corte de Asura,修羅斬,Χτύπημα του Ασούρα,修罗斩,修罗斩,Рез Асуры,Corte de Asura,Cięcie Asury,Asura-Hieb
card.musashi.asura_cut.archetype,결투,Duel,Duel,Duello,Duelo,決闘,Μονομαχία,决斗,决斗,Дуэль,Duelo,Pojedynek,Duell
card.musashi.battle_gaze.name,결전의 눈빛,Battle Gaze,Regard de bataille,Sguardo di battaglia,Mirada de batalla,決戦の眼差し,Βλέμμα Μάχης,决战注视,决战注视,Боевой взгляд,Olhar de Batalha,Bojowe Spojrzenie,Kampf-Blick
card.musashi.battle_gaze.archetype,결투,Duel,Duel,Duello,Duelo,決闘,Μονομαχία,决斗,决斗,Дуэль,Duelo,Pojedynek,Duell
card.musashi.torrent.name,격류,Torrent,Torrent,Torrente,Torrente,激流,Χείμαρρος,格流,格流,Поток,Torrente,Potok,Sturzbach
card.musashi.torrent.archetype,결투,Duel,Duel,Duello,Duelo,決闘,Μονομαχία,决斗,决斗,Дуэль,Duelo,Pojedynek,Duell
card.musashi.mushin_burst.name,무심 방출,Mushin Burst,Décharge Mushin,Scarica Mushin,Descarga Mushin,無心放出,Έκρηξη Μουσίν,无心方出,无心方出,Взрыв Мушин,Explosão Mushin,Wybuch Mushin,Mushin-Ausbruch
card.musashi.mushin_burst.archetype,무심,Mushin,Mushin,Mushin,Mushin,無心,Μουσίν,无心,无心,Мушин,Mushin,Mushin,Mushin
card.musashi.empty_guard.name,공수처,Empty Guard,Garde vide,Guardia vuota,Guardia vacía,空守り,Κενή Φρουρά,空守处,空守处,Пустая защита,Guarda Vazia,Pusta Straż,Leere Wache
card.musashi.empty_guard.archetype,무심,Mushin,Mushin,Mushin,Mushin,無心,Μουσίν,无心,无心,Мушин,Mushin,Mushin,Mushin
card.musashi.detach.name,탈속,Detach,Détachement,Distacco,Desapego,脱俗,Απόσπαση,脱俗,脱俗,Отрешение,Desapego,Oderwanie,Loslösung
card.musashi.detach.archetype,무심,Mushin,Mushin,Mushin,Mushin,無心,Μουσίν,无心,无心,Мушин,Mushin,Mushin,Mushin
card.musashi.fierce_niten.name,맹렬한 이도,Fierce Niten,Féroce Niten,Feroce Niten,Feroz Niten,猛烈な二刀,Άγριο Νίτεν,猛烈双刀,猛烈双刀,Свирепая Нитэн,Niten Feroz,Dzika Niten,Wilde Niten
card.musashi.fierce_niten.archetype,이도류,Dual Wield,Double maniement,Doppia impugnatura,Empuñadura doble,二刀流,Διπλή Λαβή,双刀流,双刀流,Два клинка,Empunhadura Dupla,Dwa Ostrza,Beidhändig
card.musashi.twin_dragon.name,쌍룡섬,Twin Dragon,Dragon jumeau,Drago gemello,Dragón gemelo,双龍閃,Δίδυμος Δράκος,双龙闪,双龙闪,Двойной дракон,Dragão Gêmeo,Bliźniaczy Smok,Zwillingsdrache
card.musashi.twin_dragon.archetype,이도류,Dual Wield,Double maniement,Doppia impugnatura,Empuñadura doble,二刀流,Διπλή Λαβή,双刀流,双刀流,Два клинка,Empunhadura Dupla,Dwa Ostrza,Beidhändig
card.musashi.thousand_mile_cut.name,천리 베기,Thousand Mile Cut,Coupe des mille lieues,Taglio delle mille miglia,Corte de mil millas,千里斬り,Χτύπημα των Χιλίων Μιλίων,千里斩,千里斩,Тысячемильный рез,Corte de Mil Milhas,Tysiącmilowe Cięcie,Tausend-Meilen-Hieb
card.musashi.thousand_mile_cut.archetype,이도류,Dual Wield,Double maniement,Doppia impugnatura,Empuñadura doble,二刀流,Διπλή Λαβή,双刀流,双刀流,Два клинка,Empunhadura Dupla,Dwa Ostrza,Beidhändig
card.musashi.peerless_cut.name,무쌍 베기,Peerless Cut,Coupe sans pareille,Taglio senza pari,Corte sin igual,無双斬り,Ασυναγώνιστο Χτύπημα,无双斩,无双斩,Несравненный рез,Corte Inigualável,Niedoścignione Cięcie,Unvergleichlicher Hieb
card.musashi.peerless_cut.archetype,결투,Duel,Duel,Duello,Duelo,決闘,Μονομαχία,决斗,决斗,Дуэль,Duelo,Pojedynek,Duell
card.musashi.forward_cut.name,선검후참,Forward Cut,Coupe avant,Taglio in avanti,Corte hacia adelante,先剣後斬,Πρόσθιο Χτύπημα,先剑后斩,先剑后斩,Прямой рез,Corte Frontal,Cięcie Naprzód,Vorwärts-Hieb
card.musashi.forward_cut.archetype,결투,Duel,Duel,Duello,Duelo,決闘,Μονομαχία,决斗,决斗,Дуэль,Duelo,Pojedynek,Duell
card.musashi.final_duel.name,마지막 결투,Final Duel,Duel final,Duello finale,Duelo final,最後の決闘,Τελική Μονομαχία,最终决斗,最终决斗,Финальная дуэль,Duelo Final,Ostateczny Pojedynek,Finales Duell
card.musashi.final_duel.archetype,결투,Duel,Duel,Duello,Duelo,決闘,Μονομαχία,决斗,决斗,Дуэль,Duelo,Pojedynek,Duell
card.musashi.void_void.name,허허실실,Void Void,Vide du vide,Vuoto del vuoto,Vacío del vacío,虚虚実実,Κενό του Κενού,虚虚实实,虚虚实实,Пустота пустоты,Vazio do Vazio,Pustka Pustki,Leere der Leere
card.musashi.void_void.archetype,무심,Mushin,Mushin,Mushin,Mushin,無心,Μουσίν,无心,无心,Мушин,Mushin,Mushin,Mushin
card.musashi.clear_wind.name,청풍명월,Clear Wind,Vent clair,Vento chiaro,Viento claro,清風明月,Καθαρός Άνεμος,清风明月,清风明月,Чистый ветер,Vento Claro,Czysty Wiatr,Klarer Wind
card.musashi.clear_wind.archetype,무심,Mushin,Mushin,Mushin,Mushin,無心,Μουσίν,无心,无心,Мушин,Mushin,Mushin,Mushin
card.musashi.undying.name,불생불멸,Undying,Immortel,Immortale,Inmortal,不生不滅,Αθάνατος,不生不灭,不生不灭,Бессмертный,Imortal,Nieumierający,Unsterblich
card.musashi.undying.archetype,무심,Mushin,Mushin,Mushin,Mushin,無心,Μουσίν,无心,无心,Мушин,Mushin,Mushin,Mushin
card.musashi.spirit_sword.name,영혼의 검,Spirit Sword,Épée de l'esprit,Spada dello spirito,Espada del espíritu,魂の剣,Σπαθί του Πνεύματος,灵魂之剑,灵魂之剑,Меч духа,Espada do Espírito,Miecz Ducha,Geist-Schwert
card.musashi.spirit_sword.archetype,결투,Duel,Duel,Duello,Duelo,決闘,Μονομαχία,决斗,决斗,Дуэль,Duelo,Pojedynek,Duell
card.musashi.five_rings_realm.name,오륜의 경지,Five Rings Realm,Royaume des cinq anneaux,Reame dei cinque anelli,Reino de los cinco anillos,五輪の境地,Σφαίρα των Πέντε Δακτυλίων,五轮境界,五轮境界,Царство Пяти колец,Reino dos Cinco Anéis,Królestwo Pięciu Pierścieni,Reich der Fünf Ringe
card.musashi.five_rings_realm.archetype,무심,Mushin,Mushin,Mushin,Mushin,無心,Μουσίν,无心,无心,Мушин,Mushin,Mushin,Mushin
card_type.attack.name,공격,Attack,Attaque,Attacco,Ataque,攻撃,Επίθεση,攻击,攻击,Атака,Ataque,Atak,Angriff
card_type.skill.name,기술,Skill,Compétence,Abilità,Habilidad,技術,Τεχνική,技术,技术,Навык,Habilidade,Umiejętność,Fertigkeit
card_type.power.name,권능,Power,Pouvoir,Potere,Poder,権能,Δύναμη,能力,能力,Сила,Poder,Moc,Macht
card.joan_of_arc.choir.name,성가대,Choir,Chœur,Coro,Coro,聖歌隊,Χορωδία,圣咏团,圣咏团,Хор,Coro,Chór,Chor
card.joan_of_arc.choir.archetype,(권능),(Power),(Pouvoir),(Potere),(Poder),(権能),(Δύναμη),(能力),(能力),(Сила),(Poder),(Moc),(Macht)
card.genghis_khan.steppe_lord.name,초원의 군주,Steppe Lord,Seigneur de la steppe,Signore della steppa,Señor de la estepa,草原の君主,Άρχοντας της Στέπας,草原之主,草原之主,Властелин степи,Senhor da Estepe,Pan Stepu,Steppen-Herr
card.genghis_khan.steppe_lord.archetype,(권능),(Power),(Pouvoir),(Potere),(Poder),(権能),(Δύναμη),(能力),(能力),(Сила),(Poder),(Moc),(Macht)
card.musashi.sword_enlightenment.name,검의 깨달음,Sword Enlightenment,Éveil à l'épée,Risveglio della spada,Iluminación de la espada,剣の悟り,Φώτιση του Σπαθιού,剑之觉悟,剑之觉悟,Просветление меча,Iluminação da Espada,Oświecenie Miecza,Schwert-Erleuchtung
card.musashi.sword_enlightenment.archetype,(권능),(Power),(Pouvoir),(Potere),(Poder),(権能),(Δύναμη),(能力),(能力),(Сила),(Poder),(Moc),(Macht)
effect.damage_per_block.text,현재 방어도의 %d%%만큼 적에게 피해를 입힙니다.,%d%% of Block as damage,%d%% de l'Armure en dégâts,%d%% dello Scudo in danni,%d%% del Escudo en daño,ブロック×%d%%ダメージ,%d%% της Άμυνας ως ζημιά,护甲×%d%%伤害,護甲×%d%%傷害,%d%% Блока как урон,%d%% do Bloqueio como dano,%d%% Bloku jako obrażenia,%d%% des Blocks als Schaden
effect.damage_per_dead_ally.text,사망한 아군 1명당 적에게 피해 %d을 입힙니다.,%d damage per dead ally,%d dégâts par allié mort,%d danni per alleato morto,%d daño por aliado muerto,死亡した仲間×%d ダメージ,%d ζημιά ανά νεκρό σύμμαχο,每位阵亡盟友%d伤害,每位陣亡盟友%d傷害,%d урона за павшего союзника,%d dano por aliado morto,%d obr. za poległego sojusznika,%d Schaden pro toten Verbündeten
effect.double_next_damage.text,이번 턴 다음 피해 효과를 2배로 만듭니다.,Next damage ×2,Prochain dégât ×2,Prossimo danno ×2,Próximo daño ×2,次のダメージ ×2,Επόμενη ζημιά ×2,下次伤害×2,下次傷害×2,Следующий урон ×2,Próximo dano ×2,Następne obrażenia ×2,Nächster Schaden ×2
effect.discard_pick_draw.text,손패에서 카드 1장을 선택해 버린 뒤 카드 %d장을 뽑고 에너지 1을 얻습니다.,Choose Discard→Draw %d+Energy+1,Choisir Défausse→Pioche %d+Énergie+1,Scegli Scarto→Pesca %d+Energia+1,Elige Descarte→Roba %d+Energía+1,選択捨て→ドロー %d+エナジー+1,Επιλογή Απόρριψης→Τράβηξε %d+Ενέργεια+1,选择弃牌→抽%d张+能量+1,選擇棄牌→抽%d張+能量+1,Выбрать сброс→Взять %d+Энергия+1,Escolher Descarte→Comprar %d+Energia+1,Wybierz Odrzut→Dobierz %d+Energia+1,Wahl Ablegen→Ziehen %d+Energie+1
effect.morale_to_block.text,사기 1당 방어도를 1 얻습니다.,Gain Block equal to Morale.,Gagne une Armure égale au Moral.,Ottieni Scudo pari al Morale.,Gana Escudo igual al Moral.,士気分ブロックを得る。,Κέρδισε Άμυνα ίση με το Ηθικό.,获得等同于士气的护甲。,獲得等同於士氣的護甲。,Получить Блок равный Морали.,Ganhar Bloqueio igual à Moral.,Zyskaj Blok równy Morale.,Block gleich Moral erhalten.
effect.damage_per_hand_size.text,손패 1장당 적에게 피해 %d을 입힙니다.,Hand size×%d damage,Taille de main×%d dégâts,Taglia mano×%d danni,Tamaño de mano×%d daño,手札数×%d ダメージ,Χέρι×%d ζημιά,手牌数×%d伤害,手牌數×%d傷害,Размер руки×%d урона,Tamanho da mão×%d dano,Rozmiar ręki×%d obrażeń,Handgröße×%d Schaden
effect.damage_per_token.text,살아있는 병사 1명당 적에게 피해 %d을 입힙니다.,Soldiers×%d damage,Soldats×%d dégâts,Soldati×%d danni,Soldados×%d daño,兵士×%d ダメージ,Στρατιώτες×%d ζημιά,士兵×%d伤害,士兵×%d傷害,Солдаты×%d урона,Soldados×%d dano,Żołnierze×%d obrażeń,Soldaten×%d Schaden
effect.heal_per_dead_ally.text,사망 아군×%d 회복,%d heal per dead ally,%d soin par allié mort,%d cura per alleato morto,%d cura por aliado muerto,死亡した仲間×%d 回復,%d θεραπεία ανά νεκρό σύμμαχο,每位阵亡盟友%d恢复,每位陣亡盟友%d恢復,%d лечения за павшего,%d cura por aliado morto,%d leczenia za poległego,%d Heilung pro toten Verbündeten
effect.energy_to_damage.text,남은 에너지 1당 적에게 피해 %d을 입힌 뒤 에너지를 모두 소진합니다.,Energy×%d damage,Énergie×%d dégâts,Energia×%d danni,Energía×%d daño,エナジー×%d ダメージ,Ενέργεια×%d ζημιά,能量×%d伤害,能量×%d傷害,Энергия×%d урона,Energia×%d dano,Energia×%d obrażeń,Energie×%d Schaden
effect.status_double.text,디버프 스택 ×2,Double debuff stacks,Double les malus,Raddoppia i debuff,Duplica penalizaciones,デバフスタック ×2,Διπλασιάζει τα debuffs,负面状态×2,負面狀態×2,Удвоить стаки дебаффа,Dobrar pilhas de debuff,Podwój stosy debuff,Debuff-Stapel verdoppeln
card.musashi.steel_strike.name,강철 일격,Steel Strike,Frappe d'acier,Colpo d'acciaio,Golpe de acero,鋼鉄の一撃,Χτύπημα Χάλυβα,钢铁一击,鋼鐵一擊,Стальной удар,Golpe de Aço,Stalowy Cios,Stahl-Schlag
card.musashi.steel_strike.archetype,이도류,Dual Wield,Double maniement,Doppia impugnatura,Empuñadura doble,二刀流,Διπλή Λαβή,双刀流,雙刀流,Два клинка,Empunhadura Dupla,Dwa Ostrza,Beidhändig
card.musashi.thousand_cuts.name,만 번의 베기,Thousand Cuts,Mille coupures,Mille tagli,Mil cortes,万剣の斬り,Χίλιες Κοπές,千刀斩,千刀斬,Тысяча резов,Mil Cortes,Tysiąc Cięć,Tausend Hiebe
card.musashi.thousand_cuts.archetype,이도류,Dual Wield,Double maniement,Doppia impugnatura,Empuñadura doble,二刀流,Διπλή Λαβή,双刀流,雙刀流,Два клинка,Empunhadura Dupla,Dwa Ostrza,Beidhändig
card.musashi.twin_blades_basic.name,쌍도 기초,Twin Blades Basic,Bases de la double lame,Basi della doppia lama,Bases de la doble hoja,双刀基礎,Βάσεις Διπλής Λεπίδας,双刀基础,双刀基础,Базовые Два клинка,Lâminas Gêmeas Básico,Bliźniacze Ostrza Podstawowe,Zwillingsklingen-Grundform
card.musashi.twin_blades_basic.archetype,이도류,Dual Wield,Double maniement,Doppia impugnatura,Empuñadura doble,二刀流,Διπλή Λαβή,双刀流,双刀流,Два клинка,Empunhadura Dupla,Dwa Ostrza,Beidhändig
card.musashi.twin_sword_power.name,쌍검 권능,Twin Sword Power,Pouvoir des doubles épées,Potere delle doppie spade,Poder de las dos espadas,双剣権能,Δύναμη Δύο Σπαθιών,双剑权能,双剑权能,Сила двух мечей,Poder das Duas Espadas,Moc Dwóch Mieczy,Macht der Zwei Schwerter
card.musashi.twin_sword_power.archetype,이도류,Dual Wield,Double maniement,Doppia impugnatura,Empuñadura doble,二刀流,Διπλή Λαβή,双刀流,双刀流,Два клинка,Empunhadura Dupla,Dwa Ostrza,Beidhändig
card.musashi.rhythm_of_strikes.name,연격의 박자,Rhythm of Strikes,Rythme des frappes,Ritmo dei colpi,Ritmo de los golpes,連撃の拍子,Ρυθμός Χτυπημάτων,连击节拍,连击节拍,Ритм ударов,Ritmo dos Golpes,Rytm Ciosów,Rhythmus der Schläge
card.musashi.rhythm_of_strikes.archetype,이도류,Dual Wield,Double maniement,Doppia impugnatura,Empuñadura doble,二刀流,Διπλή Λαβή,双刀流,双刀流,Два клинка,Empunhadura Dupla,Dwa Ostrza,Beidhändig
card.musashi.demon_swordsman.name,검귀의 광기,Demon Swordsman,Folie du démon,Follia del demone,Locura del demonio,剣鬼の狂気,Τρέλα Δαίμονα-Ξιφομάχου,剑鬼狂气,剑鬼狂气,Демон-мечник,Espadachim Demônio,Demoniczny Szermierz,Dämon-Schwertkämpfer
card.musashi.demon_swordsman.archetype,이도류,Dual Wield,Double maniement,Doppia impugnatura,Empuñadura doble,二刀流,Διπλή Λαβή,双刀流,双刀流,Два клинка,Empunhadura Dupla,Dwa Ostrza,Beidhändig
card.musashi.swordsmans_resolve.name,검사의 결의,Swordsman's Resolve,Résolution du duelliste,Risoluzione del duellante,Resolución del esgrimidor,剣士の決意,Αποφασιστικότητα Ξιφομάχου,剑士决意,剑士决意,Решимость мечника,Determinação do Espadachim,Determinacja Szermierza,Entschluss des Schwertkämpfers
card.musashi.swordsmans_resolve.archetype,결투,Duel,Duel,Duello,Duelo,決闘,Μονομαχία,决斗,决斗,Дуэль,Duelo,Pojedynek,Duell
card.musashi.blade_polish.name,도검 연마,Blade Polish,Affûtage de la lame,Affilatura della lama,Afilado de la hoja,刀剣研磨,Τρόχισμα Λεπίδας,磨刃,磨刃,Полировка клинка,Polimento da Lâmina,Polerowanie Ostrza,Klingen-Politur
card.musashi.blade_polish.archetype,결투,Duel,Duel,Duello,Duelo,決闘,Μονομαχία,决斗,决斗,Дуэль,Duelo,Pojedynek,Duell
card.musashi.fate_duel.name,운명의 결투,Fate Duel,Duel du destin,Duello del destino,Duelo del destino,運命の決闘,Μονομαχία Μοίρας,命运决斗,命运决斗,Дуэль судьбы,Duelo do Destino,Pojedynek Losu,Schicksals-Duell
card.musashi.fate_duel.archetype,결투,Duel,Duel,Duello,Duelo,決闘,Μονομαχία,决斗,决斗,Дуэль,Duelo,Pojedynek,Duell
card.musashi.mushin_power.name,무심의 권능,Mushin Power,Pouvoir Mushin,Potere Mushin,Poder Mushin,無心の権能,Δύναμη Μουσίν,无心权能,无心权能,Сила Мушин,Poder Mushin,Moc Mushin,Mushin-Macht
card.musashi.mushin_power.archetype,무심,Mushin,Mushin,Mushin,Mushin,無心,Μουσίν,无心,无心,Мушин,Mushin,Mushin,Mushin
card.musashi.void_guard.name,공허의 방패,Void Guard,Garde du vide,Guardia del vuoto,Guardia del vacío,空の盾,Φρουρός του Κενού,虚空盾牌,虚空盾牌,Защита пустоты,Guarda do Vazio,Straż Pustki,Leere-Wache
card.musashi.void_guard.archetype,무심,Mushin,Mushin,Mushin,Mushin,無心,Μουσίν,无心,无心,Мушин,Mushin,Mushin,Mushin
card.joan_of_arc.martyr_wrath.name,순교자의 분노,Martyr's Wrath,Colère du martyr,Ira del martire,Ira del mártir,殉教者の怒り,Οργή Μάρτυρα,殉道者之怒,殉道者之怒,Гнев мученика,Ira do Mártir,Gniew Męczennika,Zorn des Märtyrers
card.joan_of_arc.martyr_wrath.archetype,순교,Martyrdom,Martyre,Martirio,Martirio,殉教,Μαρτύριο,殉道,殉道,Мученичество,Martírio,Męczeństwo,Märtyrertum
card.joan_of_arc.dead_blessing.name,망자의 축복,Dead Blessing,Bénédiction des morts,Benedizione dei caduti,Bendición de los muertos,亡者の祝福,Ευλογία Νεκρών,亡者祝福,亡者祝福,Благословение мёртвых,Bênção dos Mortos,Błogosławieństwo Umarłych,Segen der Toten
card.joan_of_arc.dead_blessing.archetype,순교,Martyrdom,Martyre,Martirio,Martirio,殉教,Μαρτύριο,殉道,殉道,Мученичество,Martírio,Męczeństwo,Märtyrertum
card.joan_of_arc.crusaders_faith.name,십자군의 신앙,Crusader's Faith,Foi du Croisé,Fede del Crociato,Fe del Cruzado,十字軍の信仰,Πίστη Σταυροφόρου,十字军的信仰,十字軍的信仰,Вера крестоносца,Fé do Cruzado,Wiara Krzyżowca,Glaube des Kreuzritters
card.joan_of_arc.crusaders_faith.archetype,신성,Holy,Sacré,Sacro,Sagrado,神聖,Ιερό,神圣,神聖,Святое,Sagrado,Święte,Heilig
card.joan_of_arc.divine_echo.name,성스러운 갑주,Sacred Armor,Armure Sacrée,Armatura Sacra,Armadura Sagrada,聖なる鎧,Ιερή Πανοπλία,神圣铠甲,神聖鎧甲,Священная броня,Armadura Sagrada,Święta Zbroja,Heilige Rüstung
card.joan_of_arc.divine_echo.archetype,신성,Holy,Sacré,Sacro,Sagrado,神聖,Ιερό,神圣,神聖,Святое,Sagrado,Święte,Heilig
card.joan_of_arc.oracle_light.name,신탁의 빛,Oracle's Light,Lumière de l'Oracle,Luce dell'Oracolo,Luz del Oráculo,神託の光,Φως Μαντείου,神谕之光,神諭之光,Свет оракула,Luz do Oráculo,Światło Wyroczni,Licht des Orakels
card.joan_of_arc.oracle_light.archetype,신성,Holy,Sacré,Sacro,Sagrado,神聖,Ιερό,神圣,神聖,Святое,Sagrado,Święte,Heilig
card.joan_of_arc.guardian_angel.name,수호 천사,Guardian Angel,Ange Gardien,Angelo Custode,Ángel Guardián,守護天使,Φύλακας Άγγελος,守护天使,守護天使,Ангел-хранитель,Anjo da Guarda,Anioł Stróż,Schutzengel
card.joan_of_arc.guardian_angel.archetype,부활,Revival,Résurrection,Resurrezione,Resurrección,復活,Ανάσταση,复活,復活,Возрождение,Renascimento,Odrodzenie,Wiedergeburt
card.joan_of_arc.passion_power.name,수난의 권능,Passion Power,Pouvoir de la Passion,Potere della Passione,Poder de la Pasión,受難の権能,Δύναμη Πάθους,受难之能,受難之能,Сила страсти,Poder da Paixão,Moc Pasji,Macht der Leidenschaft
card.joan_of_arc.passion_power.archetype,순교,Martyrdom,Martyre,Martirio,Martirio,殉教,Μαρτύριο,殉道,殉道,Мученичество,Martírio,Męczeństwo,Märtyrertum
card.joan_of_arc.martyr_strength.name,순교의 힘,Martyr's Strength,Force du Martyr,Forza del Martire,Fuerza del Mártir,殉教の力,Δύναμη Μάρτυρα,殉道之力,殉道之力,Сила мученика,Força do Mártir,Siła Męczennika,Stärke des Märtyrers
card.joan_of_arc.martyr_strength.archetype,순교,Martyrdom,Martyre,Martirio,Martirio,殉教,Μαρτύριο,殉道,殉道,Мученичество,Martírio,Męczeństwo,Märtyrertum
card.joan_of_arc.saints_revelation.name,성흔의 결실,Saint's Revelation,Révélation du Saint,Rivelazione del Santo,Revelación del Santo,聖痕の結実,Αποκάλυψη Αγίου,圣痕结果,聖痕結果,Откровение святой,Revelação da Santa,Objawienie Świętej,Offenbarung der Heiligen
card.joan_of_arc.saints_revelation.archetype,순교,Martyrdom,Martyre,Martirio,Martirio,殉教,Μαρτύριο,殉道,殉道,Мученичество,Martírio,Męczeństwo,Märtyrertum
card.joan_of_arc.martyrs_light.name,순교자의 빛,Martyr's Light,Lumière du Martyr,Luce del Martire,Luz del Mártir,殉教者の光,Φως Μάρτυρα,殉道者之光,殉道者之光,Свет мученика,Luz do Mártir,Światło Męczennika,Licht des Märtyrers
card.joan_of_arc.martyrs_light.archetype,순교,Martyrdom,Martyre,Martirio,Martirio,殉教,Μαρτύριο,殉道,殉道,Мученичество,Martírio,Męczeństwo,Märtyrertum
card.genghis_khan.soul_strike.name,영혼 베기,Soul Strike,Frappe de l'âme,Colpo dell'anima,Golpe del alma,魂の一撃,Χτύπημα Ψυχής,灵魂一击,靈魂一擊,Удар души,Golpe da Alma,Cios Duszy,Seelen-Schlag
card.genghis_khan.soul_strike.archetype,기동,Mobility,Mobilité,Mobilità,Movilidad,機動,Κινητικότητα,机动,機動,Подвижность,Mobilidade,Mobilność,Mobilität
card.genghis_khan.berserk_blow.name,광폭한 일격,Berserk Blow,Coup berserk,Colpo berserk,Golpe berserk,狂暴の一撃,Χτύπημα Μανίας,狂暴一击,狂暴一擊,Берсерк удар,Golpe Berserk,Cios Berserkera,Berserker-Schlag
card.genghis_khan.berserk_blow.archetype,기동,Mobility,Mobilité,Mobilità,Movilidad,機動,Κινητικότητα,机动,機動,Подвижность,Mobilidade,Mobilność,Mobilität
card.napoleon.legion_charge.name,군단의 진격,Legion Charge,Charge de la légion,Carica della legione,Carga de la legión,軍団の突進,Επέλαση Λεγεώνας,军团冲锋,軍團衝鋒,Атака легиона,Carga da Legião,Szarża Legionu,Legions-Angriff
card.napoleon.legion_charge.archetype,군단,Legion,Légion,Legione,Legión,軍団,Λεγεώνα,军团,軍團,Легион,Legião,Legion,Legion
card.napoleon.glory_shout.name,영광의 함성,Glory Shout,Cri de gloire,Grido di gloria,Grito de gloria,栄光の叫び,Κραυγή Δόξας,荣耀呐喊,榮耀吶喊,Клич славы,Grito de Glória,Okrzyk Chwały,Ruhmes-Ruf
card.napoleon.glory_shout.archetype,사기,Morale,Moral,Morale,Moral,士気,Ηθικό,士气,士氣,Мораль,Moral,Morale,Moral
card.cleopatra.venom_bloom.name,독꽃의 만개,Venom Bloom,Floraison vénéneuse,Fioritura velenosa,Floración venenosa,毒の増殖,Ανθός Δηλητηρίου,毒性增殖,毒性增殖,Расцвет яда,Floração de Veneno,Rozkwit Trucizny,Gift-Blüte
card.cleopatra.venom_bloom.archetype,저주,Curse,Malédiction,Maledizione,Maldición,呪い,Κατάρα,诅咒,诅咒,Проклятие,Maldição,Klątwa,Fluch
card.cleopatra.serpent_power.name,독사의 권능,Serpent Power,Pouvoir du Serpent,Potere del Serpente,Poder de la Serpiente,毒蛇の権能,Δύναμη του Φιδιού,毒蛇之能,毒蛇之能,Сила змея,Poder da Serpente,Moc Węża,Schlangen-Macht
card.cleopatra.serpent_power.archetype,독살,Poisoning,Empoisonnement,Avvelenamento,Envenenamiento,毒殺,Δηλητηρίαση,毒杀,毒杀,Отравление,Envenenamento,Zatruwanie,Vergiftung
card.cleopatra.pharaoh_venom.name,파라오의 독력,Pharaoh's Venom,Venin du Pharaon,Veleno del Faraone,Veneno del Faraón,ファラオの毒力,Δηλητήριο του Φαραώ,法老的毒力,法老的毒力,Яд фараона,Peçonha do Faraó,Jad Faraona,Pharaonen-Gift
card.cleopatra.pharaoh_venom.archetype,독살,Poisoning,Empoisonnement,Avvelenamento,Envenenamiento,毒殺,Δηλητηρίαση,毒杀,毒杀,Отравление,Envenenamento,Zatruwanie,Vergiftung
card.cleopatra.pharaohs_plague.name,파라오의 역병,Pharaoh's Plague,Fléau du Pharaon,Piaga del Faraone,Plaga del Faraón,ファラオの疫病,Πανδημία του Φαραώ,法老的瘟疫,法老的瘟疫,Чума фараонов,Praga dos Faraós,Plaga Faraonów,Pharaonen-Pest
card.cleopatra.pharaohs_plague.archetype,독살,Poisoning,Empoisonnement,Avvelenamento,Envenenamiento,毒殺,Δηλητηρίαση,毒杀,毒杀,Отравление,Envenenamento,Zatruwanie,Vergiftung
card.cleopatra.poison_party.name,독의 잔치,Poison Party,Festin de Venin,Festa del Veleno,Fiesta del Veneno,毒の宴,Γιορτή Δηλητηρίου,毒之盛宴,毒之盛宴,Ядовитый праздник,Festa do Veneno,Trująca Uczta,Gift-Party
card.cleopatra.poison_party.archetype,독살,Poisoning,Empoisonnement,Avvelenamento,Envenenamiento,毒殺,Δηλητηρίαση,毒杀,毒杀,Отравление,Envenenamento,Zatruwanie,Vergiftung
card.cleopatra.poison_purge.name,독의 정화,Poison Purge,Purge du Venin,Purga del Veleno,Purga del Veneno,毒の浄化,Εκκαθάριση Δηλητηρίου,毒之净化,毒之净化,Очищение ядом,Purga do Veneno,Oczyszczenie Trucizną,Gift-Reinigung
card.cleopatra.poison_purge.archetype,독살,Poisoning,Empoisonnement,Avvelenamento,Envenenamiento,毒殺,Δηλητηρίαση,毒杀,毒杀,Отравление,Envenenamento,Zatruwanie,Vergiftung
card.cleopatra.isis_wrath.name,이시스의 진노,Isis' Wrath,Courroux d'Isis,Ira di Iside,Ira de Isis,イシスの憤怒,Οργή της Ίσιδας,伊西斯之怒,伊西斯之怒,Гнев Исиды,Ira de Ísis,Gniew Izydy,Zorn der Isis
card.cleopatra.isis_wrath.archetype,저주,Curse,Malédiction,Maledizione,Maldición,呪い,Κατάρα,诅咒,诅咒,Проклятие,Maldição,Klątwa,Fluch
card.cleopatra.queens_dignity.name,여왕의 위엄,Queen's Dignity,Dignité de la Reine,Dignità della Regina,Dignidad de la Reina,女王の威厳,Αξιοπρέπεια της Βασίλισσας,女王的威严,女王的威严,Достоинство царицы,Dignidade da Rainha,Godność Królowej,Königin-Würde
card.cleopatra.queens_dignity.archetype,조종,Control,Contrôle,Controllo,Control,操縦,Έλεγχος,操控,操控,Контроль,Controle,Kontrola,Kontrolle
card.cleopatra.charming_perfume.name,매혹의 향기,Charming Perfume,Parfum Envoûtant,Profumo Incantevole,Perfume Encantador,魅惑の香り,Γοητευτικό Άρωμα,魅惑香气,魅惑香气,Соблазнительные духи,Perfume Encantador,Uroczy Perfum,Bezauberndes Parfüm
card.cleopatra.charming_perfume.archetype,조종,Control,Contrôle,Controllo,Control,操縦,Έλεγχος,操控,操控,Контроль,Controle,Kontrola,Kontrolle
card.cleopatra.charm_execution.name,매혹의 처형,Charm Execution,Exécution Charmante,Esecuzione Ammaliante,Ejecución Encantadora,魅惑の処刑,Εκτέλεση Γοητείας,魅惑处决,魅惑处决,Очаровательная казнь,Execução do Encanto,Egzekucja Uroku,Bezauberungs-Hinrichtung
card.cleopatra.charm_execution.archetype,조종,Control,Contrôle,Controllo,Control,操縦,Έλεγχος,操控,操控,Контроль,Controle,Kontrola,Kontrolle
card.yi_sun_sin.discard_focus.name,결단의 정리,Discard Focus,Concentration et défausse,Concentrazione e scarto,Concentración y descarte,決断の整理,Ανασύνταξη Εστίασης,弃牌聚焦,棄牌聚焦,Сосредоточение сброса,Foco do Descarte,Skupienie Odrzutu,Ablege-Fokus
card.yi_sun_sin.discard_focus.archetype,거북선,Turtle Ship,Bateau-tortue,Nave tartaruga,Barco tortuga,亀甲船,Πλοίο-Χελώνα,龟船,龜船,Корабль-черепаха,Navio Tartaruga,Statek-Żółw,Schildkrötenschiff
card.tag.exhaust,소모,Exhaust,Épuisement,Esaurimento,Agotamiento,消耗,Εξάντληση,消耗,消耗,Изгнание,Exaurir,Wyczerpaj,Erschöpfen
card.tag.ethereal,에테리얼,Ethereal,Éthéré,Etereo,Etéreo,エーテリアル,Αιθέρια,以太,以太,Эфирная,Etérea,Eteryczna,Ätherisch
card.tag.retain,유지,Retain,Conserver,Mantenere,Retener,保留,Διατήρηση,保留,保留,Сохранить,Reter,Zachowaj,Behalten
card.tag.innate,내재,Innate,Inné,Innato,Innato,内在,Εγγενής,内在,內在,Врождённая,Inata,Wrodzona,Angeboren
effect.sacrifice_payoff.text,HP 희생 100당 적에게 피해 %d을 입힙니다.,Deal %d dmg per 100 HP sacrificed,Inflige %d dégâts par 100 PV sacrifiés,Infligge %d danni per 100 PV sacrificati,Inflige %d daño por 100 PV sacrificados,HP犠牲100毎に %d ダメージ,Πρόκληση %d ζημιάς ανά 100 HP,每牺牲100HP造成 %d 伤害,每牺牲100HP造成 %d 伤害,%d урона за каждые 100 HP жертвы,%d dano por 100 HP sacrificados,%d obr. za każde 100 HP poświęcenia,%d Schaden pro 100 geopferter HP
effect.sacrifice_payoff.block.text,HP 희생 100당 방어도 %d을 얻습니다.,Gain %d Block per 100 HP sacrificed,Gagnez %d Bloc par 100 PV sacrifiés,Ottieni %d Blocco per 100 PV sacrificati,Gana %d Bloqueo por 100 PV sacrificados,HP犠牲100毎に %d ブロック,Απόκτηση %d Μπλοκ ανά 100 HP,每牺牲100HP获得 %d 格挡,每牺牲100HP获得 %d 格挡,%d Блока за каждые 100 HP жертвы,%d Bloqueio por 100 HP sacrificados,%d Bloku za każde 100 HP poświęcenia,%d Block pro 100 geopferter HP
effect.charm_to_damage.text,매혹 스택을 소비해 스택당 피해 %d을 입힙니다.,Convert charm: %d damage per stack,Convertit charme en %d dégâts/pile,Converte fascino in %d danno/pila,Convierte encanto en %d daño/pila,魅了を %d ダメージに変換,Μετατρέπει γοητεία σε %d ζημιά/στοίβα,将魅惑转为每层 %d 伤害,将魅惑转为每层 %d 伤害,Конвертировать очарование: %d урона за стак,Converter encanto: %d dano por pilha,Konwertuj urok: %d obr. za stos,Bezauberung umwandeln: %d Schaden pro Stapel
effect.multi_hit_random.text,랜덤 적에게 %d회 피해 %d을 입힙니다.,Hit random enemies %d×%d,Frappe aléatoire %d×%d,Colpisce casuale %d×%d,Golpea aleatorio %d×%d,ランダム敵 %d×%d ダメージ,Τυχαία %d×%d ζημιά,随机攻击 %d×%d 伤害,随机攻击 %d×%d 伤害,Удар случайных врагов %d×%d,Atingir inimigos aleatórios %d×%d,Trafienie losowych wrogów %d×%d,Zufällige Feinde treffen %d×%d
card.yi_sun_sin.turtle_power.name,거북의 권능,Turtle Power,Pouvoir de la Tortue,Potere della Tartaruga,Poder de la Tortuga,亀の権能,Δύναμη της Χελώνας,龟甲权能,龜甲權能,Сила черепахи,Poder da Tartaruga,Moc Żółwia,Schildkröten-Macht
card.yi_sun_sin.turtle_power.archetype,거북선,Turtle Ship,Bateau-tortue,Nave tartaruga,Barco tortuga,亀甲船,Πλοίο-Χελώνα,龟船,龟船,Корабль-черепаха,Navio Tartaruga,Statek-Żółw,Schildkrötenschiff
card.yi_sun_sin.cannon_rhythm.name,포격 리듬,Cannon Rhythm,Rythme de canonnade,Ritmo di cannone,Ritmo de cañón,砲撃リズム,Ρυθμός Κανονιοβολισμού,炮击节奏,炮击节奏,Ритм пушек,Ritmo do Canhão,Rytm Armat,Kanonen-Rhythmus
card.yi_sun_sin.cannon_rhythm.archetype,거북선,Turtle Ship,Bateau-tortue,Nave tartaruga,Barco tortuga,亀甲船,Πλοίο-Χελώνα,龟船,龟船,Корабль-черепаха,Navio Tartaruga,Statek-Żółw,Schildkrötenschiff
card.yi_sun_sin.fleet_fire.name,함포 일제사,Fleet Broadside,Broadside de la flotte,Fiancata della flotta,Andanada de la flota,艦砲斉射,Βολή Στόλου,舰炮齐射,舰炮齐射,Залп флота,Bordada da Frota,Salwa Floty,Flotten-Breitseite
card.yi_sun_sin.fleet_fire.archetype,거북선,Turtle Ship,Bateau-tortue,Nave tartaruga,Barco tortuga,亀甲船,Πλοίο-Χελώνα,龟船,龟船,Корабль-черепаха,Navio Tartaruga,Statek-Żółw,Schildkrötenschiff
card.yi_sun_sin.iron_ram.name,철갑 충각,Iron Ram,Bélier de fer,Ariete di ferro,Ariete de hierro,鉄甲衝角,Σιδερένιος Κριός,铁甲冲角,铁甲冲角,Железный таран,Aríete de Ferro,Żelazny Taran,Eiserner Rammbock
card.yi_sun_sin.iron_ram.archetype,거북선,Turtle Ship,Bateau-tortue,Nave tartaruga,Barco tortuga,亀甲船,Πλοίο-Χελώνα,龟船,龟船,Корабль-черепаха,Navio Tartaruga,Statek-Żółw,Schildkrötenschiff
card.yi_sun_sin.formation_strength.name,진형의 힘,Formation Strength,Force de formation,Forza della formazione,Fuerza de formación,陣形の力,Δύναμη Σχηματισμού,阵型之力,阵型之力,Сила построения,Força da Formação,Siła Formacji,Formations-Stärke
card.yi_sun_sin.formation_strength.archetype,학익진,Crane Wing,Aile de grue,Ala di gru,Ala de grulla,鶴翼の陣,Σχηματισμός Γερανού,鹤翼阵,鹤翼阵,Журавлиное крыло,Asa de Grou,Skrzydło Żurawia,Kranichflügel
card.yi_sun_sin.death_resolve.name,죽음의 결의,Death Resolve,Résolution mortelle,Risolutezza della morte,Resolución de muerte,死の決意,Απόφαση Θανάτου,死之决意,死之决意,Смертельная решимость,Determinação Mortal,Śmiertelna Determinacja,Todes-Entschluss
card.yi_sun_sin.death_resolve.archetype,필사즉생,Death or Glory,La mort ou la gloire,Morte o gloria,Muerte o gloria,必死即生,Θάνατος ή Δόξα,必死即生,必死即生,Смерть или Слава,Morte ou Glória,Śmierć lub Chwała,Tod oder Ruhm
card.genghis_khan.horse_charge.name,돌격,Charge,Charge,Carica,Carga,突撃,Εφόδος,冲锋,冲锋,Атака,Carga,Szarża,Angriff
card.genghis_khan.horse_charge.archetype,기동,Mobility,Mobilité,Mobilità,Movilidad,機動,Κινητικότητα,机动,机动,Подвижность,Mobilidade,Mobilność,Mobilität
card.genghis_khan.khans_fury.name,칸의 분노,Khan's Fury,Fureur du Khan,Furia del Khan,Furia del Kan,ハンの憤怒,Οργή του Χαν,可汗之怒,可汗之怒,Ярость хана,Fúria do Khan,Furia Chana,Khan-Zorn
card.genghis_khan.khans_fury.archetype,기동,Mobility,Mobilité,Mobilità,Movilidad,機動,Κινητικότητα,机动,机动,Подвижность,Mobilidade,Mobilność,Mobilität
card.genghis_khan.mobility_power.name,기동의 권능,Mobility Power,Puissance de mobilité,Potere della mobilità,Poder de movilidad,機動の権能,Δύναμη Κινητικότητας,机动权能,机动权能,Сила подвижности,Poder de Mobilidade,Moc Mobilności,Mobilitäts-Macht
card.genghis_khan.mobility_power.archetype,기동,Mobility,Mobilité,Mobilità,Movilidad,機動,Κινητικότητα,机动,机动,Подвижность,Mobilidade,Mobilność,Mobilität
card.genghis_khan.signal_horn.name,신호 나팔,Signal Horn,Cor de signal,Corno di segnale,Cuerno de señal,信号ラッパ,Κόρνο Σήματος,信号号角,信号号角,Сигнальный рог,Corno de Sinal,Sygnałowy Róg,Signalhorn
card.genghis_khan.signal_horn.archetype,기동,Mobility,Mobilité,Mobilità,Movilidad,機動,Κινητικότητα,机动,机动,Подвижность,Mobilidade,Mobilność,Mobilität
card.genghis_khan.flanking.name,측면 우회,Flanking,Flanquement,Fiancheggiamento,Flanqueo,側面迂回,Πλαγίωση,侧面迂回,侧面迂回,Фланговая атака,Flanqueamento,Oskrzydlenie,Flankenangriff
card.genghis_khan.flanking.archetype,기동,Mobility,Mobilité,Mobilità,Movilidad,機動,Κινητικότητα,机动,机动,Подвижность,Mobilidade,Mobilność,Mobilität
card.genghis_khan.cavalry_summon.name,기병 소집,Cavalry Summon,Convocation de cavalerie,Convocazione di cavalleria,Convocatoria de caballería,騎兵召集,Κλήση Ιππικού,骑兵召集,骑兵召集,Призыв кавалерии,Invocar Cavalaria,Przywołanie Kawalerii,Kavallerie-Beschwörung
card.genghis_khan.cavalry_summon.archetype,몽골 기병,Mongol Cavalry,Cavalerie mongole,Cavalleria mongola,Caballería mongola,モンゴル騎兵,Μογγολικό Ιππικό,蒙古骑兵,蒙古骑兵,Монгольская конница,Cavalaria Mongol,Mongolska Kawaleria,Mongolische Kavallerie
card.genghis_khan.horde_advance.name,호드 진군,Horde Advance,Avance de la horde,Avanzata dell'orda,Avance de la horda,ホード進軍,Προέλαση Ορδής,游牧军团进军,游牧军团进军,Наступление орды,Avanço da Horda,Natarcie Hordy,Horden-Vorstoß
card.genghis_khan.horde_advance.archetype,몽골 기병,Mongol Cavalry,Cavalerie mongole,Cavalleria mongola,Caballería mongola,モンゴル騎兵,Μογγολικό Ιππικό,蒙古骑兵,蒙古骑兵,Монгольская конница,Cavalaria Mongol,Mongolska Kawaleria,Mongolische Kavallerie
card.genghis_khan.war_horse_power.name,군마의 권능,War Horse Power,Puissance du cheval de guerre,Potere del cavallo da guerra,Poder del caballo de guerra,軍馬の権能,Δύναμη Πολεμικού Αλόγου,军马权能,军马权能,Сила боевого коня,Poder do Cavalo de Guerra,Moc Bojowego Konia,Streitross-Macht
card.genghis_khan.war_horse_power.archetype,몽골 기병,Mongol Cavalry,Cavalerie mongole,Cavalleria mongola,Caballería mongola,モンゴル騎兵,Μογγολικό Ιππικό,蒙古骑兵,蒙古骑兵,Монгольская конница,Cavalaria Mongol,Mongolska Kawaleria,Mongolische Kavallerie
card.genghis_khan.khans_banner.name,칸의 깃발,Khan's Banner,Bannière du Khan,Stendardo del Khan,Estandarte del Kan,ハンの旗,Λάβαρο του Χαν,可汗旗帜,可汗旗帜,Знамя хана,Estandarte do Khan,Sztandar Chana,Khan-Banner
card.genghis_khan.khans_banner.archetype,몽골 기병,Mongol Cavalry,Cavalerie mongole,Cavalleria mongola,Caballería mongola,モンゴル騎兵,Μογγολικό Ιππικό,蒙古骑兵,蒙古骑兵,Монгольская конница,Cavalaria Mongol,Mongolska Kawaleria,Mongolische Kavallerie
card.genghis_khan.horde_volley.name,토큰 일제 사격,Horde Volley,Volée de l'horde,Volata dell'orda,Volea de la horda,ホード一斉射撃,Ομοβροντία Ορδής,游牧军齐射,游牧军齐射,Залп орды,Salva da Horda,Salwa Hordy,Horden-Salve
card.genghis_khan.horde_volley.archetype,몽골 기병,Mongol Cavalry,Cavalerie mongole,Cavalleria mongola,Caballería mongola,モンゴル騎兵,Μογγολικό Ιππικό,蒙古骑兵,蒙古骑兵,Монгольская конница,Cavalaria Mongol,Mongolska Kawaleria,Mongolische Kavallerie
card.genghis_khan.ten_thousand_army.name,천만의 군세,Ten Thousand Army,Armée des dix mille,Esercito dei diecimila,Ejército de diez mil,一万の軍勢,Στρατός Δέκα Χιλιάδων,十万大军,十万大军,Армия из десяти тысяч,Exército de Dez Mil,Armia Dziesięciu Tysięcy,Zehntausend-Armee
card.genghis_khan.ten_thousand_army.archetype,몽골 기병,Mongol Cavalry,Cavalerie mongole,Cavalleria mongola,Caballería mongola,モンゴル騎兵,Μογγολικό Ιππικό,蒙古骑兵,蒙古骑兵,Монгольская конница,Cavalaria Mongol,Mongolska Kawaleria,Mongolische Kavallerie
card.genghis_khan.cavalry_retreat.name,기병 후퇴,Cavalry Retreat,Retraite de cavalerie,Ritirata di cavalleria,Retirada de caballería,騎兵後退,Υποχώρηση Ιππικού,骑兵撤退,骑兵撤退,Отступление кавалерии,Retirada da Cavalaria,Odwrót Kawalerii,Kavallerie-Rückzug
card.genghis_khan.cavalry_retreat.archetype,몽골 기병,Mongol Cavalry,Cavalerie mongole,Cavalleria mongola,Caballería mongola,モンゴル騎兵,Μογγολικό Ιππικό,蒙古骑兵,蒙古骑兵,Монгольская конница,Cavalaria Mongol,Mongolska Kawaleria,Mongolische Kavallerie
card.genghis_khan.plunderers_instinct.name,약탈자의 본능,Plunderer's Instinct,Instinct du pillard,Istinto del saccheggiatore,Instinto del saqueador,略奪者の本能,Ένστικτο Λεηλατητή,掠夺者本能,掠夺者本能,Инстинкт грабителя,Instinto do Saqueador,Instynkt Grabieżcy,Plünderer-Instinkt
card.genghis_khan.plunderers_instinct.archetype,몽골 기병,Mongol Cavalry,Cavalerie mongole,Cavalleria mongola,Caballería mongola,モンゴル騎兵,Μογγολικό Ιππικό,蒙古骑兵,蒙古骑兵,Монгольская конница,Cavalaria Mongol,Mongolska Kawaleria,Mongolische Kavallerie
card.genghis_khan.executioners_bounty.name,처형 현상금,Executioner's Bounty,Prime du bourreau,Taglia del boia,Recompensa del verdugo,処刑懸賞,Αμοιβή Εκτελεστή,处刑赏金,处刑赏金,Награда палача,Recompensa do Carrasco,Nagroda Kata,Henkers-Beute
card.genghis_khan.executioners_bounty.archetype,약탈,Plunder,Pillage,Saccheggio,Saqueo,略奪,Λεηλασία,掠夺,掠夺,Грабёж,Pilhagem,Grabież,Plünderung
card.genghis_khan.massacre_khan.name,학살의 칸,Massacre Khan,Khan du massacre,Khan del massacro,Khan de la masacre,虐殺のハン,Χαν Σφαγής,屠杀可汗,屠杀可汗,Хан резни,Khan do Massacre,Chan Masakry,Massaker-Khan
card.genghis_khan.massacre_khan.archetype,약탈,Plunder,Pillage,Saccheggio,Saqueo,略奪,Λεηλασία,掠夺,掠夺,Грабёж,Pilhagem,Grabież,Plünderung
card.genghis_khan.khans_treasury.name,칸의 보고,Khan's Treasury,Trésor du Khan,Tesoro del Khan,Tesoro del Kan,ハンの宝庫,Θησαυρός του Χαν,可汗宝库,可汗宝库,Сокровищница хана,Tesouro do Khan,Skarbiec Chana,Khan-Schatzkammer
card.genghis_khan.khans_treasury.archetype,약탈,Plunder,Pillage,Saccheggio,Saqueo,略奪,Λεηλασία,掠夺,掠夺,Грабёж,Pilhagem,Grabież,Plünderung
card.genghis_khan.khans_gamble.name,칸의 도박,Khan's Gamble,Pari du Khan,Scommessa del Khan,Apuesta del Kan,ハンの賭け,Στοίχημα του Χαν,可汗赌注,可汗赌注,Пари хана,Aposta do Khan,Zakład Chana,Khan-Wette
card.genghis_khan.khans_gamble.archetype,약탈,Plunder,Pillage,Saccheggio,Saqueo,略奪,Λεηλασία,掠夺,掠夺,Грабёж,Pilhagem,Grabież,Plünderung
effect.damage_per_status_type.text,디버프 종류당 피해 %d을 입힙니다.,Deal %d per debuff type,Inflige %d par type de débuff,Infligge %d per tipo debuff,Inflige %d por tipo desventaja,デバフ種 %d ダメージ,Ζημιά %d ανά τύπο εξασθένησης,每种减益造成 %d 伤害,每种减益造成 %d 伤害,Нанести %d за каждый тип дебаффа,Causar %d por tipo de debuff,Zadaj %d za każdy typ debuffu,%d pro Debuff-Typ zufügen
effect.draw_per_enthrall.text,이 카드로 반함 발동 시 카드 %d장을 뽑습니다.,Draw %d card(s) if this card causes enthrall,Piochez %d carte(s) si cette carte provoque le charme,Pesca %d carta(e) se causa ammaliamento,Roba %d carta(s) si causa enthrall,このカードで反心が発動したらカードを %d 枚引く,Τράβηξε %d χαρτί(α) αν αυτή η κάρτα προκαλεί Γοητεία,此牌触发反迷时抽 %d 张牌,此牌觸發反迷時抽 %d 張牌,Взять %d карт(ы) при очаровании,Comprar %d carta(s) se causar enfeitiço,Dobierz %d kart przy oczarowaniu,%d Karte(n) ziehen bei Verzauberung
effect.damage_per_charmed_enemy.text,매혹된 적 1명당 %d 피해를 입힙니다.,Deal %d damage per Charmed enemy,Inflige %d dégâts par ennemi charmé,Infligge %d danni per nemico ammaliato,Inflige %d de daño por enemigo encantado,魅惑された敵1体につき %d ダメージ,Προκάλεσε %d ζημιά ανά γοητευμένο εχθρό,每个着迷的敌人造成 %d 伤害,每個著迷的敵人造成 %d 傷害,Нанести %d урона за очарованного врага,Causar %d dano por inimigo Encantado,Zadaj %d obr. za Oczarowanego wroga,%d Schaden pro bezauberten Feind
power.on_enthrall_strength.label,매혹 반함 발동 시 strength +%d 영구,On enthrall: gain Strength +%d permanently,Réf. charme: Strength +%d permanent,Al fascino: Forza +%d permanente,Al embrujo: Fuerza +%d permanente,反心発動時: ストレングス +%d 永久,Στην Γοητεία: Δύναμη +%d μόνιμα,反迷触发: 力量 +%d 永久,反迷觸發: 力量 +%d 永久,При очаровании: получить Strength +%d навсегда,Ao enfeitiçar: ganhar Strength +%d permanentemente,Przy oczarowaniu: zyskaj Strength +%d na stałe,Bei Verzauberung: Strength +%d dauerhaft
power.on_kill_energy.label,적 처치 시 에너지 +%d,On kill: gain %d Energy,Au meurtre: +%d Énergie,All'uccisione: +%d Energia,Al matar: +%d Energía,敵撃破時: エネルギー +%d,Στη σφαγή: +%d Ενέργεια,击杀时获得 %d 能量,擊殺時獲得 %d 能量,При убийстве: получить %d Энергии,Ao matar: ganhar %d Energia,Przy zabiciu: zyskaj %d Energii,Bei Kill: %d Energie erhalten
power.on_enthrall_strength.desc,적이 반함 상태에 빠질 때마다 본인 strength +%d 영구 획득,Gain Strength +%d permanently each time an enemy is enthralled,Gagne Strength +%d permanent à chaque ennemi réfracté par le charme,Ottieni Forza +%d permanente ogni volta che un nemico è affascinato,Obtén Fuerza +%d permanente cada vez que un enemigo es embrujado,敵が反心状態になるたびに ストレングス +%d 永久,Αποκτάτε Δύναμη +%d μόνιμα κάθε φορά που γοητεύεται εχθρός,每当敌人被反迷时永久获得 力量 +%d,每當敵人被反迷時永久獲得 力量 +%d,Получить Strength +%d навсегда каждый раз при очаровании врага,Ganhar Strength +%d permanentemente cada vez que um inimigo é enfeitiçado,Zyskaj Strength +%d na stałe za każdym oczarowaniem wroga,Strength +%d dauerhaft erhalten bei jeder Feind-Verzauberung
power.on_kill_energy.desc,본인이 적을 처치할 때마다 에너지 +%d 즉시 획득,Gain %d Energy each time you kill an enemy,Gagne %d Énergie à chaque ennemi tué,Ottieni %d Energia per ogni nemico ucciso,Obtén %d Energía por cada enemigo abatido,敵撃破時にエネルギー +%d 即座に獲得,Αποκτάτε %d Ενέργεια κάθε φορά που σκοτώνετε εχθρό,击杀敌人时立即获得 %d 能量,擊殺敵人時立即獲得 %d 能量,Получить %d Энергии за каждое убийство врага,Ganhar %d Energia cada vez que matar um inimigo,Zyskaj %d Energii za każde zabicie wroga,%d Energie pro getöteten Feind erhalten
card.napoleon.blitz_advance.name,전격 진군,Blitz Advance,Avance Éclair,Avanzata Lampo,Avance Relámpago,電撃進軍,Αστραπιαία Προέλαση,闪电进军,閃電進軍,Блицкриг,Avanço Blitz,Błyskawiczne Natarcie,Blitz-Vorstoß
card.cleopatra.seductive_stillness.name,유혹의 정체,Seductive Stillness,Immobilité Séductrice,Immobilità Seducente,Quietud Seductora,魅惑の静止,Σαγηνευτική Ακινησία,魅惑停滞,魅惑停滯,Соблазнительное затишье,Quietude Sedutora,Uwodzicielska Cisza,Verführerische Stille
card.yi_sun_sin.turtleship_drill.name,거북선 점호,Turtleship Drill,Appel du bateau-tortue,Adunata della Nave Tartaruga,Llamada del Barco Tortuga,亀甲船点呼,Σύναξη του Πλοίου-Χελώνα,龟船点名,龜船點名,Учение Корабля-черепахи,Manobra do Navio Tartaruga,Ćwiczenia Statku-Żółwia,Schildkrötenschiff-Drill
card.joan_of_arc.grace_of_spirit.name,성령의 가호,Grace of the Spirit,Grâce de l'Esprit,Grazia dello Spirito,Gracia del Espíritu,聖霊の加護,Χάρη του Πνεύματος,圣灵的护佑,聖靈的護佑,Благодать духа,Graça do Espírito,Łaska Ducha,Anmut des Geistes
card.genghis_khan.cavalry_charge_speed.name,기마 돌격,Cavalry Charge,Charge de cavalerie,Carica di Cavalleria,Carga de Caballería,騎馬突撃,Έφοδος Ιππικού,骑兵冲锋,騎兵衝鋒,Атака кавалерии,Carga da Cavalaria,Szarża Kawalerii,Kavallerie-Angriff
card.musashi.swift_blade.name,신속의 검,Swift Blade,Lame Rapide,Lama Rapida,Hoja Veloz,迅速の剣,Ταχεία Λεπίδα,迅捷之刃,迅捷之刃,Быстрый клинок,Lâmina Veloz,Szybkie Ostrze,Schnelle Klinge
effect.buff_speed.self.text,본인 속도 +%d (%d턴),Self: Speed +%d (%d turns),Soi: Vitesse +%d (%d tours),Sé: Velocità +%d (%d turni),Yo: Velocidad +%d (%d turnos),自身: 速度+%d（%dターン）,Εαυτός: Ταχύτητα +%d (%d γύροι),自身: 速度+%d（%d回合）,自身: 速度+%d（%d回合）,Себе: Скорость +%d (%d х.),Auto: Velocidade +%d (%d turnos),Sobie: Szybkość +%d (%d tur),Selbst: Geschw. +%d (%d R.)
effect.buff_speed.all_allies.text,파티 전원 속도 +%d (%d턴),All allies: Speed +%d (%d turns),Tous alliés: Vitesse +%d (%d tours),Tutti alleati: Velocità +%d (%d turni),Todos aliados: Velocidad +%d (%d turnos),全味方: 速度+%d（%dターン）,Όλοι σύμμαχοι: Ταχύτητα +%d (%d γύροι),全队友: 速度+%d（%d回合）,全隊友: 速度+%d（%d回合）,Все союзники: Скорость +%d (%d х.),Todos aliados: Velocidade +%d (%d turnos),Wszyscy sojusznicy: Szybkość +%d (%d tur),Alle Verb.: Geschw. +%d (%d R.)
effect.buff_speed.ally.text,동료 1명 속도 +%d (%d턴),Ally: Speed +%d (%d turns),Allié: Vitesse +%d (%d tours),Alleato: Velocità +%d (%d turni),Aliado: Velocidad +%d (%d turnos),味方1人: 速度+%d（%dターン）,Σύμμαχος: Ταχύτητα +%d (%d γύροι),队友: 速度+%d（%d回合）,隊友: 速度+%d（%d回合）,Союзник: Скорость +%d (%d х.),Aliado: Velocidade +%d (%d turnos),Sojusznik: Szybkość +%d (%d tur),Verb.: Geschw. +%d (%d R.)
effect.debuff_speed.single.text,적 1명 속도 -%d (%d턴),Enemy: Speed -%d (%d turns),Ennemi: Vitesse -%d (%d tours),Nemico: Velocità -%d (%d turni),Enemigo: Velocidad -%d (%d turnos),敵1体: 速度-%d（%dターン）,Εχθρός: Ταχύτητα -%d (%d γύροι),敌人: 速度-%d（%d回合）,敵人: 速度-%d（%d回合）,Враг: Скорость -%d (%d х.),Inimigo: Velocidade -%d (%d turnos),Wróg: Szybkość -%d (%d tur),Feind: Geschw. -%d (%d R.)
effect.debuff_speed.all.text,적 전체 속도 -%d (%d턴),All enemies: Speed -%d (%d turns),Tous ennemis: Vitesse -%d (%d tours),Tutti nemici: Velocità -%d (%d turni),Todos enemigos: Velocidad -%d (%d turnos),全敵: 速度-%d（%dターン）,Όλοι εχθροί: Ταχύτητα -%d (%d γύροι),全敌: 速度-%d（%d回合）,全敵: 速度-%d（%d回合）,Все враги: Скорость -%d (%d х.),Todos inimigos: Velocidade -%d (%d turnos),Wszyscy wrogowie: Szybkość -%d (%d tur),Alle Feinde: Geschw. -%d (%d R.)
effect.mark_enemy.text,적 1명을 마킹합니다.,Mark 1 enemy.,Marque 1 ennemi.,Marca 1 nemico.,Marca 1 enemigo.,敵1体をマークします。,Σημάδεψε 1 εχθρό.,标记敌人1名。,標記敵人1名。,Пометить 1 врага.,Marca 1 inimigo.,Oznacz 1 wroga.,1 Gegner markieren.
card.napoleon.tactical_block.name,전술적 차단,Tactical Block,Blocage Tactique,Blocco Tattico,Bloqueo Táctico,戦術的封鎖,Τακτικός Αποκλεισμός,战术封锁,戰術封鎖,Тактическая блокада,Bloqueio Tático,Blokada Taktyczna,Taktische Blockade
card.joan_of_arc.divine_shield.name,신성한 방패,Divine Shield,Bouclier Divin,Scudo Divino,Escudo Divino,神聖な盾,Θεϊκή Ασπίδα,神圣之盾,神聖之盾,Божественный Щит,Escudo Divino,Boska Tarcza,Göttlicher Schild
card.genghis_khan.conquerors_cry.name,정복자의 일갈,Conqueror's Cry,Cri du Conquérant,Grido del Conquistatore,Grito del Conquistador,征服者の一喝,Κραυγή Κατακτητή,征服者怒吼,征服者怒吼,Клич Завоевателя,Grito do Conquistador,Krzyk Zdobywcy,Schrei des Eroberers
card.cleopatra.charming_gaze.name,매혹의 시선,Charming Gaze,Regard Envoûtant,Sguardo Ammaliante,Mirada Encantadora,魅惑の眼差し,Γοητευτικό Βλέμμα,魅惑视线,魅惑視線,Чарующий Взгляд,Olhar Encantador,Czarujące Spojrzenie,Bezaubernder Blick
card.musashi.dual_blade_counter.name,이도류 카운터,Dual Blade Counter,Contre à Double Lame,Contrattacco a Due Lame,Contraataque de Dos Hojas,二刀流カウンター,Αντεπίθεση Δίλεπιδη,二刀流反击,二刀流反擊,Двойной Контр,Contra de Lâminas Duplas,Kontra Dwóch Ostrzy,Doppelklingen-Konter
card.yi_sun_sin.crane_formation_intercept.name,학익진 차단,Crane Formation Intercept,Interception en Grue,Intercettazione Gru,Intercepción Grulla,鶴翼の陣 遮断,Παρεμβολή Γερανού,鹤翼阵拦截,鶴翼陣攔截,Перехват Журавлиного Строя,Interceptação da Garça,Przechwycenie Żurawia,Kranich-Abfangen
